Symbol,Type,Sector,Mcap
RELIANCE,Reliance Industr,Petroleum Products Companies,2084812
HDFCBANK,HDFC Bank,Banks,1543327
BHARTIARTL,Bharti Airtel,Telecom - Services Companies,1264614
TCS,TCS,IT - Software Companies,1171609
ICICIBANK,ICICI Bank,Banks,995542
SBIN,SBI,Banks,896755
INFY,Infosys,IT - Software Companies,671470
BAJFINANCE,Bajaj Finance,Finance Companies,652116
LT,Larsen & Toubro,Construction Companies,555487
LICI,Life Insurance,Insurance Companies,550212
HINDUNILVR,Hind. Unilever,Diversified FMCG Companies,549475
MARUTI,Maruti Suzuki,Automobiles Companies,511910
ITC,ITC,Diversified FMCG Companies,507352
M&M,M & M,Automobiles Companies,462232
HCLTECH,HCL Technologies,IT - Software Companies,456710
SUNPHARMA,Sun Pharma.Inds.,Pharmaceuticals & Biotechnology Companies,433152
KOTAKBANK,Kotak Mah. Bank,Banks,428556
AXISBANK,Axis Bank,Banks,398068
ULTRACEMCO,UltraTech Cem.,Cement & Cement Products Companies,341739
TITAN,Titan Company,Consumer Durables Companies,338540
BAJAJFINSV,Bajaj Finserv,Finance Companies,334982
ADANIPORTS,Adani Ports,Transport Infrastructure Companies,326051
NTPC,NTPC,Power Companies,313493
ONGC,O N G C,Oil Companies,303474
ADANIENT,Adani Enterp.,Metals & Minerals Trading Companies,292844
ASIANPAINT,Asian Paints,Consumer Durables Companies,284738
JSWSTEEL,JSW Steel,Ferrous Metals Companies,284211
ETERNAL,Eternal Ltd,Retailing Companies,282364
ADANIPOWER,Adani Power,Power Companies,277275
WIPRO,Wipro,IT - Software Companies,272535
DMART,Avenue Super.,Retailing Companies,257176
BAJAJ-AUTO,Bajaj Auto,Automobiles Companies,254376
POWERGRID,Power Grid Corpn,Power Companies,250930
NESTLEIND,Nestle India,Food Products Companies,240442
COALINDIA,Coal India,Consumable Fuels Companies,234153
IOC,I O C L,Petroleum Products Companies,231108
HINDZINC,Hindustan Zinc,Non - Ferrous Metals Companies,210463
TATASTEEL,Tata Steel,Ferrous Metals Companies,208612
INDIGO,Interglobe Aviat,Transport Services Companies,207618
VEDL,Vedanta,Diversified Metals Companies,205100
SBILIFE,SBI Life Insuran,Insurance Companies,202917
EICHERMOT,Eicher Motors,Automobiles Companies,197715
JIOFIN,Jio Financial,Finance Companies,192981
HYUNDAI,Hyundai Motor I,Automobiles Companies,187656
GRASIM,Grasim Inds,Cement & Cement Products Companies,186939
LTIM,LTIMindtree,IT - Software Companies,186551
HINDALCO,Hindalco Inds.,Non - Ferrous Metals Companies,185003
DLF,DLF,Realty Companies,178161
TVSMOTOR,TVS Motor Co.,Automobiles Companies,174138
DIVISLAB,Divi's Lab.,Pharmaceuticals & Biotechnology Companies,171851
ADANIGREEN,Adani Green,Power Companies,167633
HDFCLIFE,HDFC Life Insur.,Insurance Companies,165710
VBL,Varun Beverages,Beverages Companies,162319
SHRIRAMFIN,Shriram Finance,Finance Companies,160831
BPCL,B P C L,Petroleum Products Companies,156316
TECHM,Tech Mahindra,IT - Software Companies,153885
MUTHOOTFIN,Muthoot Finance,Finance Companies,152562
BANKBARODA,Bank of Baroda,Banks,151314
PIDILITIND,Pidilite Inds.,Chemicals & Petrochemicals Companies,150123
IRFC,I R F C,Finance Companies,149765
TRENT,Trent,Retailing Companies,148704
CHOLAFIN,Cholaman.Inv.&Fn,Finance Companies,146005
BRITANNIA,Britannia Inds.,Food Products Companies,143582
PNB,Punjab Natl.Bank,Banks,139881
TATACAP,Tata Capital,Finance Companies,138149
CANBK,Canara Bank,Banks,134826
TMCV,Tata Motors,"Agricultural, Commercial & Construction Vehicles Companies",132398
AMBUJACEM,Ambuja Cements,Cement & Cement Products Companies,131946
TMPV,Tata Motors PVeh,Automobiles Companies,130207
TORNTPHARM,Torrent Pharma.,Pharmaceuticals & Biotechnology Companies,128126
HEROMOTOCO,Hero Motocorp,Automobiles Companies,127062
BAJAJHLDNG,Bajaj Holdings,Finance Companies,124433
CUMMINSIND,Cummins India,Industrial Products Companies,123878
MOTHERSON,Samvardh. Mothe.,Auto Components Companies,123540
TATAPOWER,Tata Power Co.,Power Companies,122861
CIPLA,Cipla,Pharmaceuticals & Biotechnology Companies,122846
SIEMENS,Siemens,Electrical Equipment Companies,118442
ADANIENSOL,Adani Energy Sol,Power Companies,117588
UNIONBANK,Union Bank (I),Banks,117023
IDEA,Vodafone Idea,Telecom - Services Companies,117010
PFC,Power Fin.Corpn.,Finance Companies,116378
GODREJCP,Godrej Consumer,Personal Products Companies,116241
SOLARINDS,Solar Industries,Chemicals & Petrochemicals Companies,115999
TATACONSUM,Tata Consumer,Agricultural Food & other Products Companies,115074
BSE,BSE,Capital Markets Companies,114691
GAIL,GAIL (India),Gas Companies,111764
LODHA,Lodha Developers,Realty Companies,111007
HDFCAMC,HDFC AMC,Capital Markets Companies,110397
ENRIN,Siemens Ener.Ind,Electrical Equipment Companies,110333
INDUSTOWER,Indus Towers,Telecom - Services Companies,109668
ABB,A B B,Electrical Equipment Companies,109631
GMRAIRPORT,GMR Airports,Transport Infrastructure Companies,109296
POLYCAB,Polycab India,Industrial Products Companies,109246
INDIANB,Indian Bank,Banks,108963
BOSCHLTD,Bosch,Auto Components Companies,108891
LGEINDIA,LG Electronics,Consumer Durables Companies,108515
MAXHEALTH,Max Healthcare,Healthcare Services Companies,106752
DRREDDY,Dr Reddy's Labs,Pharmaceuticals & Biotechnology Companies,106431
UNITDSPR,United Spirits,Beverages Companies,105873
MAZDOCK,Mazagon Dock,Industrial Manufacturing Companies,105536
IDBI,IDBI Bank,Banks,104728
CGPOWER,CG Power & Ind,Electrical Equipment Companies,104151
INDHOTEL,Indian Hotels Co,Leisure Services Companies,104039
APOLLOHOSP,Apollo Hospitals,Healthcare Services Companies,103374
PERSISTENT,Persistent Systems,IT - Software Companies,102861
JINDALSTEL,Jindal Steel,Ferrous Metals Companies,102702
SWIGGY,Swiggy,Retailing Companies,98349
ICICIGI,ICICI Lombard,Insurance Companies,98320
BHEL,B H E L,Electrical Equipment Companies,96714
LUPIN,Lupin,Pharmaceuticals & Biotechnology Companies,95865
HINDPETRO,H P C L,Petroleum Products Companies,95826
MARICO,Marico,Agricultural Food & other Products Companies,95621
ASHOKLEY,Ashok Leyland,"Agricultural, Commercial & Construction Vehicles Companies",94487
SHREECEM,Shree Cement,Cement & Cement Products Companies,94081
ABCAPITAL,Aditya Birla Cap,Finance Companies,93825
ZYDUSLIFE,Zydus Lifesci.,Pharmaceuticals & Biotechnology Companies,93726
GROWW,Billionbrains,Capital Markets Companies,93332
RECLTD,REC Ltd,Finance Companies,93032
MANKIND,Mankind Pharma,Pharmaceuticals & Biotechnology Companies,91044
ICICIPRULI,ICICI Pru Life,Insurance Companies,90613
DABUR,Dabur India,Personal Products Companies,90476
HAVELLS,Havells India,Consumer Durables Companies,90105
NAUKRI,Info Edg.(India),Retailing Companies,90046
BHARTIHEXA,Bharti Hexacom,Telecom - Services Companies,87935
POLICYBZR,PB Fintech.,Financial Technology (Fintech) Companies,87492
POWERINDIA,Hitachi Energy,Electrical Equipment Companies,86047
PAYTM,One 97,Financial Technology (Fintech) Companies,85992
SRF,SRF,Chemicals & Petrochemicals Companies,85530
SBICARD,SBI Cards,Finance Companies,84226
DIXON,Dixon Technolog.,Consumer Durables Companies,83372
WAAREEENER,Waaree Energies,Electrical Equipment Companies,82593
JSWENERGY,JSW Energy,Power Companies,80738
BAJAJHFL,Bajaj Housing,Finance Companies,79615
LTF,L&T Finance Ltd,Finance Companies,77481
NHPC,NHPC Ltd,Power Companies,77417
NTPCGREEN,NTPC Green Ene.,Power Companies,76857
UNOMINDA,Uno Minda,Auto Components Companies,73414
NYKAA,FSN E-Commerce,Retailing Companies,72930
PRESTIGE,Prestige Estates,Realty Companies,72780
IOB,I O B,Banks,72751
LENSKART,Lenskart Solut.,Retailing Companies,72379
AUBANK,AU Small Finance,Banks,71732
OFSS,Oracle Fin.Serv.,IT - Software Companies,71515
YESBANK,Yes Bank,Banks,70911
GVT&D,GE Vernova T&D,Electrical Equipment Companies,70895
AUROPHARMA,Aurobindo Pharma,Pharmaceuticals & Biotechnology Companies,70718
SUZLON,Suzlon Energy,Electrical Equipment Companies,70374
IDFCFIRSTB,IDFC First Bank,Banks,69502
ALKEM,Alkem Lab,Pharmaceuticals & Biotechnology Companies,67859
COROMANDEL,Coromandel Inter,Fertilizers & Agrochemicals Companies,67841
INDUSINDBK,IndusInd Bank,Banks,67787
NMDC,NMDC,Minerals & Mining Companies,67222
BHARATFORG,Bharat Forge,Auto Components Companies,67219
FORTIS,Fortis Health.,Healthcare Services Companies,67082
OIL,Oil India,Oil Companies,67008
GICRE,General Insuranc,Insurance Companies,66992
COFORGE,Coforge,IT - Software Companies,66239
ATGL,Adani Total Gas,Gas Companies,65235
BANKINDIA,Bank of India,Banks,65153
TORNTPOWER,Torrent Power,Power Companies,64999
MRF,MRF,Auto Components Companies,64979
RVNL,Rail Vikas,Construction Companies,64813
BERGEPAINT,Berger Paints,Consumer Durables Companies,64649
LLOYDSME,Lloyds Metals,Minerals & Mining Companies,64493
UPL,UPL,Fertilizers & Agrochemicals Companies,64016
FEDERALBNK,Federal Bank,Banks,63785
GODREJPROP,Godrej Propert.,Realty Companies,62723
JSL,Jindal Stain.,Ferrous Metals Companies,62277
VMM,Vishal Mega Mart,Retailing Companies,62165
HDBFS,HDB FINANC SER,Finance Companies,62156
PHOENIXLTD,Phoenix Mills,Realty Companies,61689
ABBOTINDIA,Abbott India,Pharmaceuticals & Biotechnology Companies,61508
SCHAEFFLER,Schaeffler India,Auto Components Companies,61399
OBEROIRLTY,Oberoi Realty,Realty Companies,60274
PATANJALI,Patanjali Foods,Agricultural Food & other Products Companies,59918
COLPAL,Colgate-Palmoliv,Personal Products Companies,58869
MFSL,Max Financial,Insurance Companies,58331
JSWINFRA,JSW Infrast,Transport Infrastructure Companies,56543
MPHASIS,Mphasis,IT - Software Companies,56272
GLENMARK,Glenmark Pharma.,Pharmaceuticals & Biotechnology Companies,55543
LAURUSLABS,Laurus Labs,Pharmaceuticals & Biotechnology Companies,55395
FACT,F A C T,Fertilizers & Agrochemicals Companies,54807
SAIL,S A I L,Ferrous Metals Companies,54746
KRT,Knowledge Realty,Realty Companies,54703
IRCTC,I R C T C,Leisure Services Companies,54016
SUNDARMFIN,Sundaram Finance,Finance Companies,53866
MOTILALOFS,Motil.Oswal.Fin.,Capital Markets Companies,53175
MCX,Multi Comm. Exc.,Capital Markets Companies,52748
BIOCON,Biocon,Pharmaceuticals & Biotechnology Companies,52496
TATACOMM,Tata Comm,Telecom - Services Companies,52380
NAM-INDIA,Nippon Life Ind.,Capital Markets Companies,51851
TIINDIA,Tube Investments,Auto Components Companies,51603
PIIND,P I Industries,Fertilizers & Agrochemicals Companies,51525
M&MFIN,M & M Fin. Serv.,Finance Companies,51088
KALYANKJIL,Kalyan Jewellers,Consumer Durables Companies,50859
LINDEINDIA,Linde India,Chemicals & Petrochemicals Companies,50400
NATIONALUM,Natl. Aluminium,Non - Ferrous Metals Companies,50168
APLAPOLLO,APL Apollo Tubes,Industrial Products Companies,49169
LTTS,L&T Technology,IT - Services Companies,48186
543225,Altius Telecom,Telecom - Services Companies,46930
360ONE,360 ONE,Capital Markets Companies,46448
HEXT,Hexaware Tech.,IT - Software Companies,46116
BALKRISIND,Balkrishna Inds,Auto Components Companies,46067
HUDCO,H U D C O,Finance Companies,45087
AIIL,Authum Invest,Finance Companies,44861
UBL,United Breweries,Beverages Companies,44507
VOLTAS,Voltas,Consumer Durables Companies,43908
MAHABANK,Bank of Maha,Banks,43826
JKCEMENT,J K Cements,Cement & Cement Products Companies,43463
COCHINSHIP,Cochin Shipyard,Industrial Manufacturing Companies,43250
GLAXO,Glaxosmi. Pharma,Pharmaceuticals & Biotechnology Companies,43124
ITCHOTELS,ITC Hotels,Leisure Services Companies,42886
RADICO,Radico Khaitan,Beverages Companies,42871
SUPREMEIND,Supreme Inds.,Industrial Products Companies,42822
GODFRYPHLP,Godfrey Phillips,Cigarettes & Tobacco Products Companies,42619
EMBASSY,Embassy Off.REIT,Realty Companies,41817
PAGEIND,Page Industries,Textiles & Apparels Companies,41777
ESCORTS,Escorts Kubota,"Agricultural, Commercial & Construction Vehicles Companies",41517
PETRONET,Petronet LNG,Gas Companies,41220
PGHH,P & G Hygiene,Personal Products Companies,40858
PREMIERENE,Premier Energies,Electrical Equipment Companies,40779
KEI,KEI Industries,Industrial Products Companies,39803
ASTRAL,Astral,Industrial Products Companies,39209
NH,Narayana Hrudaya,Healthcare Services Companies,39174
JUBLFOOD,Jubilant Food.,Leisure Services Companies,39142
CONCOR,Container Corpn.,Transport Services Companies,38922
PWL,Physicswallah,Other Consumer Services Companies,38863
3MINDIA,3M India,Diversified Companies,38459
POONAWALLA,Poonawalla Fin,Finance Companies,38244
IREDA,Indian Renewable,Finance Companies,37475
ENDURANCE,Endurance Tech.,Auto Components Companies,37402
DALBHARAT,Dalmia BharatLtd,Cement & Cement Products Companies,37307
FLUOROCHEM,Gujarat Fluoroch,Chemicals & Petrochemicals Companies,37181
IPCALAB,Ipca Labs.,Pharmaceuticals & Biotechnology Companies,37018
UCOBANK,UCO Bank,Banks,36942
ANTHEM,Anthem Bioscienc,Pharmaceuticals & Biotechnology Companies,36755
CHOLAHLDNG,Chola Financial,Finance Companies,36008
HINDCOPPER,Hindustan Copper,Non - Ferrous Metals Companies,35959
TATAINVEST,Tata Inv.Corpn.,Finance Companies,35847
APARINDS,Apar Inds.,Electrical Equipment Companies,35746
BLUESTARCO,Blue Star,Consumer Durables Companies,35662
AIAENG,AIA Engineering,Industrial Products Companies,35143
KPITTECH,KPIT Technologi.,IT - Software Companies,34734
GODREJIND,Godrej Industrie,Diversified Companies,34152
THERMAX,Thermax,Electrical Equipment Companies,33908
ACC,ACC,Cement & Cement Products Companies,33768
PIRAMALFIN,Piramal Finance.,Finance Companies,33653
KPRMILL,K P R Mill Ltd,Textiles & Apparels Companies,33552
CENTRALBK,Central Bank,Banks,33391
NLCINDIA,NLC India,Power Companies,33196
APOLLOTYRE,Apollo Tyres,Auto Components Companies,33117
AJANTPHARM,Ajanta Pharma,Pharmaceuticals & Biotechnology Companies,32991
ASTERDM,Aster DM Health.,Healthcare Services Companies,32906
AWL,AWL Agri Busine.,Agricultural Food & other Products Companies,32856
CRISIL,CRISIL,Finance Companies,32538
TATAELXSI,Tata Elxsi,IT - Software Companies,32503
CDSL,C D S L,Capital Markets Companies,32408
EXIDEIND,Exide Inds.,Auto Components Companies,32313
GODIGIT,Go Digit General,Insurance Companies,32113
MEDANTA,Global Health,Healthcare Services Companies,31274
HONAUT,Honeywell Auto,Industrial Manufacturing Companies,30847
SONACOMS,Sona BLW Precis.,Auto Components Companies,30642
NBCC,NBCC,Construction Companies,30256
DELHIVERY,Delhivery,Transport Services Companies,30255
MSUMI,Motherson Wiring,Auto Components Companies,30240
MINDSPACE,Mindspace Busine,Realty Companies,30081
LICHSGFIN,LIC Housing Fin.,Finance Companies,29802
METROBRAND,Metro Brands,Consumer Durables Companies,29650
TVSHLTD,TVS Holdings,Finance Companies,29622
NAVINFLUOR,Navin Fluo.Intl.,Chemicals & Petrochemicals Companies,29574
KAYNES,Kaynes Tech,Industrial Manufacturing Companies,29184
SJVN,SJVN,Power Companies,29108
ITI,ITI,Telecom - Equipment & Accessories Companies,29049
NHIT,National High,Transport Infrastructure Companies,28859
GLAND,Gland Pharma,Pharmaceuticals & Biotechnology Companies,28859
AEGISVOPAK,Aegis Vopak Term,Oil Companies,28763
JBCHEPHARM,J B Chemicals &,Pharmaceuticals & Biotechnology Companies,28595
PINELABS,Pine Labs,Financial Technology (Fintech) Companies,28435
PTCIL,PTC Industries,Industrial Products Companies,28298
IKS,Inventurus Knowl,IT - Services Companies,28239
KIMS,Krishna Institu.,Healthcare Services Companies,28170
ZFCVINDIA,ZF Commercial,Auto Components Companies,28048
GUJGASLTD,Gujarat Gas,Gas Companies,27987
GILLETTE,Gillette India,Personal Products Companies,27196
TATATECH,Tata Technolog.,IT - Services Companies,27041
MRPL,M R P L,Petroleum Products Companies,26944
STARHEALTH,Star Health Insu,Insurance Companies,26937
IGL,Indraprastha Gas,Gas Companies,26852
EMCURE,Emcure Pharma,Pharmaceuticals & Biotechnology Companies,26467
NIACL,New India Assura,Insurance Companies,26261
ASAHIINDIA,Asahi India Glas,Auto Components Companies,26184
NUVAMA,Nuvama Wealth,Capital Markets Companies,26080
AEGISLOG,Aegis Logistics,Gas Companies,26007
IRB,IRB Infra.Devl.,Construction Companies,25847
SYNGENE,Syngene Intl.,Healthcare Services Companies,25780
ATHERENERG,Ather Energy,Automobiles Companies,25753
LALPATHLAB,Dr Lal Pathlabs,Healthcare Services Companies,25381
NXST,Nexus Select,Realty Companies,24673
FSL,Firstsour.Solu.,Commercial Services & Supplies Companies,24534
IIFL,IIFL Finance,Finance Companies,24203
ANANDRATHI,Anand Rathi Wea.,Capital Markets Companies,24059
HSCL,Himadri Special,Chemicals & Petrochemicals Companies,24053
ANGELONE,Angel One,Capital Markets Companies,23997
KARURVYSYA,Karur Vysya Bank,Banks,23981
PPLPHARMA,Piramal Pharma,Pharmaceuticals & Biotechnology Companies,23907
RAMCOCEM,The Ramco Cement,Cement & Cement Products Companies,23889
MANAPPURAM,Manappuram Fin.,Finance Companies,23675
PNBHOUSING,PNB Housing,Finance Companies,23546
EIHOTEL,EIH,Leisure Services Companies,23432
TIMKEN,Timken India,Industrial Products Companies,23270
SUMICHEM,Sumitomo Chemi.,Fertilizers & Agrochemicals Companies,23223
AMBER,Amber Enterp.,Consumer Durables Companies,23082
SAGILITY,Sagility,IT - Services Companies,23079
ASTRAZEN,Astrazeneca Phar,Pharmaceuticals & Biotechnology Companies,23066
CESC,CESC,Power Companies,23065
HATSUN,Hatsun Agro,Food Products Companies,23054
ECLERX,eClerx Services,Commercial Services & Supplies Companies,23026
AFFLE,Affle 3i,IT - Services Companies,22970
EMAMILTD,Emami,Personal Products Companies,22929
PFIZER,Pfizer,Pharmaceuticals & Biotechnology Companies,22874
FORCEMOT,Force Motors,Automobiles Companies,22620
BANDHANBNK,Bandhan Bank,Banks,22566
JSWHL,JSW Holdings,Finance Companies,22511
INOXWIND,Inox Wind,Electrical Equipment Companies,22509
SHYAMMETL,Shyam Metalics,Industrial Products Companies,22412
HBLENGINE,HBL Engineering,Industrial Products Companies,22386
WOCKPHARMA,Wockhardt,Pharmaceuticals & Biotechnology Companies,22099
WELCORP,Welspun Corp,Industrial Products Companies,21790
NEULANDLAB,Neuland Labs.,Pharmaceuticals & Biotechnology Companies,21666
SUNTV,Sun TV Network,Entertainment Companies,21619
JYOTICNC,Jyoti CNC Auto.,Industrial Manufacturing Companies,21617
BRIGADE,Brigade Enterpr.,Realty Companies,21593
BIRET,Brookfield India,Realty Companies,21424
DEEPAKNTR,Deepak Nitrite,Chemicals & Petrochemicals Companies,21400
544467,N S D L,Capital Markets Companies,21327
ERIS,ERIS Lifescience,Pharmaceuticals & Biotechnology Companies,21137
REDINGTON,Redington,Commercial Services & Supplies Companies,21010
ABSLAMC,Aditya AMC,Capital Markets Companies,20975
AADHARHFC,Aadhar Hsg. Fin.,Finance Companies,20883
COHANCE,Cohance Life,Pharmaceuticals & Biotechnology Companies,20756
CREDITACC,CreditAcc. Gram.,Finance Companies,20653
KIOCL,KIOCL,Ferrous Metals Companies,20642
BAYERCROP,Bayer Crop Sci.,Fertilizers & Agrochemicals Companies,20202
CUB,City Union Bank,Banks,20174
PSB,Pun. & Sind Bank,Banks,20081
KPIL,Kalpataru Proj.,Construction Companies,19902
SUNDRMFAST,Sundram Fasten.,Auto Components Companies,19804
TENNIND,Tenneco Clean,Auto Components Companies,19783
TATACHEM,Tata Chemicals,Chemicals & Petrochemicals Companies,19720
CHALET,Chalet Hotels,Leisure Services Companies,19653
ABREL,A B Real Estate,"Paper, Forest & Jute Products Companies",19550
ONESOURCE,OneSource Speci.,Pharmaceuticals & Biotechnology Companies,19313
POLYMED,Poly Medicure,Healthcare Equipment & Supplies Companies,19249
CAMS,Cams Services,Capital Markets Companies,19210
DCMSHRIRAM,DCM Shriram,Diversified Companies,19039
ANANTRAJ,Anant Raj,Realty Companies,18940
CASTROLIND,Castrol India,Petroleum Products Companies,18915
RBLBANK,RBL Bank,Banks,18861
URBANCO,Urban Company,Retailing Companies,18802
KEC,KEC International,Construction Companies,18738
CUBEINVIT,Cube Highways,Transport Infrastructure Companies,18488
KANSAINER,Kansai Nerolac,Consumer Durables Companies,18443
SAILIFE,Sai Life,Pharmaceuticals & Biotechnology Companies,18414
KFINTECH,KFin Technolog.,Capital Markets Companies,18385
EIDPARRY,EID Parry,Food Products Companies,18371
CGCL,Capri Global,Finance Companies,18184
SCHNEIDER,Schneider Elect.,Electrical Equipment Companies,18015
INDIGRID,IndiGrid Trust,Power Companies,17988
BIKAJI,Bikaji Foods,Food Products Companies,17962
CENTURYPLY,Century Plyboard,Consumer Durables Companies,17807
CPPLUS,Aditya Infotech,Industrial Manufacturing Companies,17772
APLLTD,Alembic Pharma,Pharmaceuticals & Biotechnology Companies,17687
TBOTEK,TBO Tek,Leisure Services Companies,17649
ABDL,Allied Blenders,Beverages Companies,17578
BASF,BASF India,Chemicals & Petrochemicals Companies,17512
NETWEB,Netweb Technol.,IT - Services Companies,17458
GRINDWELL,Grindwell Norton,Industrial Products Companies,17355
TRITURBINE,Triveni Turbine,Electrical Equipment Companies,17338
ARE&M,Amara Raja Ener.,Auto Components Companies,17307
CHAMBLFERT,Chambal Fert.,Fertilizers & Agrochemicals Companies,17302
ATUL,Atul,Chemicals & Petrochemicals Companies,17269
TRAVELFOOD,Travel Food,Leisure Services Companies,17197
JUBLPHARMA,Jubilant Pharmo,Pharmaceuticals & Biotechnology Companies,17157
FIVESTAR,Five-Star Bus.Fi,Finance Companies,17099
VENTIVE,Ventive Hospital,Leisure Services Companies,16995
ZENSARTECH,Zensar Tech.,IT - Software Companies,16965
CRAFTSMAN,Craftsman Auto,Auto Components Companies,16943
RATNAMANI,Ratnamani Metals,Industrial Products Companies,16875
DEVYANI,Devyani Intl.,Leisure Services Companies,16860
KAJARIACER,Kajaria Ceramics,Consumer Durables Companies,16798
SARDAEN,Sarda Energy,Ferrous Metals Companies,16768
CROMPTON,Crompton Gr. Con,Consumer Durables Companies,16748
NATCOPHARM,Natco Pharma,Pharmaceuticals & Biotechnology Companies,16722
MAHSCOOTER,Mah. Scooters,Finance Companies,16633
CARBORUNIV,Carborundum Uni.,Industrial Products Companies,16566
GSPL,Guj.St.Petronet,Gas Companies,16548
VERTIS,Vertis Infra.,Transport Infrastructure Companies,16459
CHOICEIN,Choice Intl.,Finance Companies,16453
VINATIORGA,Vinati Organics,Chemicals & Petrochemicals Companies,16444
SOBHA,Sobha,Realty Companies,16444
KIRLOSENG,Kirloskar Oil,Industrial Products Companies,16434
GMDCLTD,G M D C,Minerals & Mining Companies,16358
DEEPAKFERT,Deepak Fertilis.,Chemicals & Petrochemicals Companies,16318
LMW,LMW,Industrial Manufacturing Companies,16072
PARADEEP,Paradeep Phosph.,Fertilizers & Agrochemicals Companies,16007
AKZOINDIA,Akzo Nobel,Consumer Durables Companies,16000
AGARWALEYE,Dr Agarwal's Hea,Healthcare Services Companies,15998
ELGIEQUIP,Elgi Equipments,Industrial Products Companies,15871
CEATLTD,CEAT,Auto Components Companies,15803
SIGNATURE,SignatureGlobal,Realty Companies,15791
PGEL,PG Electroplast,Consumer Durables Companies,15784
DOMS,DOMS Industries,Household Products Companies,15782
CIEINDIA,CIE Automotive,Auto Components Companies,15738
ABLBL,A B Lifestyle,Retailing Companies,15690
OLAELEC,Ola Electric,Automobiles Companies,15658
GPIL,Godawari Power,Industrial Products Companies,15602
RPOWER,Reliance Power,Power Companies,15584
GESHIP,GE Shipping Co,Transport Services Companies,15576
RRKABEL,R R Kabel,Industrial Products Companies,15473
504346,RRPSemiconductor,Finance Companies,15423
JSWCEMENT,JSW Cement,Cement & Cement Products Companies,15182
FIRSTCRY,Brainbees Solut.,Retailing Companies,15083
VGUARD,V-Guard Industri,Consumer Durables Companies,14947
CAPLIPOINT,Caplin Point Lab,Pharmaceuticals & Biotechnology Companies,14924
NAVA,Nava,Power Companies,14897
CONCORDBIO,Concord Biotech,Pharmaceuticals & Biotechnology Companies,14734
EMMVEE,Emmvee Photovol.,Electrical Equipment Companies,14723
INTELLECT,Intellect Design,IT - Software Companies,14711
AFCONS,Afcons Infrastr.,Construction Companies,14671
MANYAVAR,Vedant Fashions,Retailing Companies,14511
PFOCUS,Prime Focus,Entertainment Companies,14468
UTIAMC,UTI AMC,Capital Markets Companies,14400
ANURAS,Anupam Rasayan,Chemicals & Petrochemicals Companies,14361
SYRMA,Syrma SGS Tech.,Industrial Manufacturing Companies,14332
BELRISE,Belrise Industri,Auto Components Companies,14324
TEGA,Tega Inds.,Industrial Manufacturing Companies,14322
IRCON,Ircon Intl.,Construction Companies,14256
GALLANTT,Gallantt Ispat L,Industrial Products Companies,14248
BEML,BEML Ltd,"Agricultural, Commercial & Construction Vehicles Companies",14245
CARTRADE,Cartrade Tech,Retailing Companies,14187
TRIDENT,Trident,Textiles & Apparels Companies,14182
APTUS,Aptus Value Hou.,Finance Companies,14105
CEMPRO,Cemindia Project,Construction Companies,14101
MINDACORP,Minda Corp,Auto Components Companies,14014
SWANCORP,Swan Corp,Chemicals & Petrochemicals Companies,14008
ACUTAAS,Acutaas Chemical,Pharmaceuticals & Biotechnology Companies,13980
JBMA,JBM Auto,Auto Components Companies,13954
INDIAMART,Indiamart Inter.,Retailing Companies,13895
CHENNPETRO,C P C L,Petroleum Products Companies,13821
539533,Elitecon Inter.,Cigarettes & Tobacco Products Companies,13800
GABRIEL,Gabriel India,Auto Components Companies,13778
LTFOODS,L T Foods,Agricultural Food & other Products Companies,13765
RAINBOW,Rainbow Child.,Healthcare Services Companies,13720
BLS,BLS Internat.,Leisure Services Companies,13701
IGIL,International Ge,Commercial Services & Supplies Companies,13654
GRANULES,Granules India,Pharmaceuticals & Biotechnology Companies,13610
NIVABUPA,Niva Bupa Health,Insurance Companies,13573
FINEORG,Fine Organic,Chemicals & Petrochemicals Companies,13567
JMFINANCIL,JM Financial,Finance Companies,13547
IFCI,IFCI,Finance Companies,13305
THELEELA,Leela Palaces Hotels,Leisure Services Companies,13283
GRAVITA,Gravita India,Minerals & Mining Companies,13238
BLUEDART,Blue Dart Expres,Transport Services Companies,13205
USHAMART,Usha Martin,Industrial Products Companies,13165
AARTIIND,Aarti Industries,Chemicals & Petrochemicals Companies,13164
ZYDUSWELL,Zydus Wellness,Food Products Companies,13038
LEMONTREE,Lemon Tree Hotel,Leisure Services Companies,13035
KSB,KSB,Industrial Products Companies,13031
CYIENT,Cyient,IT - Services Companies,12990
JPPOWER,JP Power Ven.,Power Companies,12967
IEX,Indian Energy Ex,Capital Markets Companies,12957
WELSPUNLIV,Welspun Living,Textiles & Apparels Companies,12920
BBTC,Bombay Burmah,Food Products Companies,12911
INDIACEM,India Cements,Cement & Cement Products Companies,12898
ACMESOLAR,ACME Solar Hold.,Power Companies,12885
INDGN,Indegene,Healthcare Services Companies,12814
TECHNOE,Techno Elec.Engg,Construction Companies,12769
JKTYRE,JK Tyre & Indust,Auto Components Companies,12723
CCL,CCL Products,Agricultural Food & other Products Companies,12682
KIRLOSBROS,Kirl. Brothers,Industrial Products Companies,12670
JAINREC,Jain Resource,Diversified Metals Companies,12659
NUVOCO,Nuvoco Vistas,Cement & Cement Products Companies,12542
VTL,Vardhman Textile,Textiles & Apparels Companies,12514
NEWGEN,Newgen Software,IT - Software Companies,12510
PRIVISCL,Privi Speci.,Chemicals & Petrochemicals Companies,12505
SHRIPISTON,Shriram Pistons,Auto Components Companies,12501
BATAINDIA,Bata India,Consumer Durables Companies,12428
CELLO,Cello World,Consumer Durables Companies,12410
PCBL,PCBL Chemical,Chemicals & Petrochemicals Companies,12351
EUREKAFORB,Eureka Forbes,Consumer Durables Companies,12291
SAMMAANCAP,Sammaan Capital,Finance Companies,12286
BSOFT,Birlasoft Ltd,IT - Software Companies,12054
NSLNISP,NMDC Steel,Ferrous Metals Companies,12054
WHIRLPOOL,Whirlpool India,Consumer Durables Companies,12046
CANFINHOME,Can Fin Homes,Finance Companies,11995
AAVAS,AAVAS Financiers,Finance Companies,11854
SPLPETRO,Supreme Petroch.,Chemicals & Petrochemicals Companies,11817
SAFARI,Safari Inds.,Consumer Durables Companies,11657
CANHLIFE,Canara HSBC,Insurance Companies,11654
SBFC,SBFC Finance,Finance Companies,11652
MGL,Mahanagar Gas,Gas Companies,11557
INGERRAND,Ingersoll-Rand,Industrial Products Companies,11486
SHAILY,Shaily Engineer.,Industrial Products Companies,11467
ACE,Action Const.Eq.,"Agricultural, Commercial & Construction Vehicles Companies",11459
BLACKBUCK,Blackbuck,Transport Services Companies,11426
ENGINERSIN,Engineers India,Construction Companies,11393
HOMEFIRST,Home First Finan,Finance Companies,11367
J&KBANK,J & K Bank,Banks,11359
JWL,Jupiter Wagons,Industrial Manufacturing Companies,11336
FINCABLES,Finolex Cables,Industrial Products Companies,11265
AETHER,Aether Industri.,Chemicals & Petrochemicals Companies,11239
GODREJAGRO,Godrej Agrovet,Food Products Companies,11211
TI,Tilaknagar Inds.,Beverages Companies,11175
AVANTIFEED,Avanti Feeds,Food Products Companies,11167
RITES,Rites,Construction Companies,11028
JUBLINGREA,Jubilant Ingrev.,Chemicals & Petrochemicals Companies,10947
TDPOWERSYS,TD Power Systems,Electrical Equipment Companies,10883
ALIVUS,Alivus Life,Pharmaceuticals & Biotechnology Companies,10842
SCI,S C I,Transport Services Companies,10819
RAILTEL,Railtel Corpn.,Telecom - Services Companies,10731
SANOFICONR,Sanofi Consumer,Pharmaceuticals & Biotechnology Companies,10721
PVRINOX,PVR Inox,Entertainment Companies,10714
BANCOINDIA,Banco Products,Auto Components Companies,10696
JYOTHYLAB,Jyothy Labs,Household Products Companies,10655
ELECON,Elecon Engg.Co,Electrical Equipment Companies,10647
TITAGARH,Titagarh Rail,Industrial Manufacturing Companies,10626
PRUDENT,Prudent Corp.,Capital Markets Companies,10610
NCC,NCC,Construction Companies,10558
TSFINV,Tsf Investments,Finance Companies,10537
AZAD,Azad Engineering,Electrical Equipment Companies,10506
GRAPHITE,Graphite India,Industrial Products Companies,10501
FINPIPE,Finolex Inds.,Industrial Products Companies,10494
RUBICON,Rubicon Research,Pharmaceuticals & Biotechnology Companies,10475
VIJAYA,Vijaya Diagnost.,Healthcare Services Companies,10451
LUMAXTECH,Lumax Auto Tech.,Auto Components Companies,10393
SOUTHBANK,South Ind.Bank,Banks,10392
UJJIVANSFB,Ujjivan Small,Banks,10351
JINDALSAW,Jindal Saw,Industrial Products Companies,10334
INOXINDIA,Inox India,Industrial Products Companies,10327
SANSERA,Sansera Enginee.,Auto Components Companies,10311
WAAREERTL,Waaree Renewab.,Electrical Equipment Companies,10269
IXIGO,Le Travenues,Leisure Services Companies,10196
GRINFRA,G R Infraproject,Construction Companies,10186
HCG,Health.Global,Healthcare Services Companies,10153
SONATSOFTW,Sonata Software,IT - Software Companies,10129
RELAXO,Relaxo Footwear,Consumer Durables Companies,10070
HEG,HEG,Industrial Products Companies,10044
543925,Maple Inf. Trust,Transport Infrastructure Companies,10022
THANGAMAYL,Thangamayil Jew.,Consumer Durables Companies,10019
OLECTRA,Olectra Greentec,Automobiles Companies,9997
SANOFI,Sanofi India,Pharmaceuticals & Biotechnology Companies,9972
METROPOLIS,Metropolis Healt,Healthcare Services Companies,9972
HFCL,HFCL,Telecom - Services Companies,9959
EMBDL,Embassy Develop,Realty Companies,9949
EDELWEISS,Edelweiss.Fin.,Finance Companies,9939
IIFLCAPS,IIFL Capital,Capital Markets Companies,9926
SANDUMA,Sandur Manganese,Consumable Fuels Companies,9818
CUPID,Cupid,Personal Products Companies,9802
HAPPYFORGE,Happy Forgings,Industrial Products Companies,9799
VARROC,Varroc Engineer,Auto Components Companies,9749
VESUVIUS,Vesuvius India,Industrial Products Companies,9746
MEDPLUS,Medplus Health,Retailing Companies,9711
RKFORGE,Ramkrishna Forg.,Auto Components Companies,9619
TTML,Tata Tele. Mah.,Telecom - Services Companies,9607
PGHL,P & G Health Ltd,Pharmaceuticals & Biotechnology Companies,9483
ABFRL,Aditya Bir. Fas.,Retailing Companies,9448
BLUEJET,Blue Jet Health,Pharmaceuticals & Biotechnology Companies,9447
ASKAUTOLTD,ASK Automotive,Auto Components Companies,9446
CLEAN,Clean Science,Chemicals & Petrochemicals Companies,9438
JLHL,Jupiter Life Lin,Healthcare Services Companies,9391
ZEEL,Zee Entertainmen,Entertainment Companies,9365
LATENTVIEW,Latent View,IT - Software Companies,9316
JKLAKSHMI,JK Lakshmi Cem.,Cement & Cement Products Companies,9314
GENUSPOWER,Genus Power,Electrical Equipment Companies,9303
SKFINDIA,SKF India,Industrial Products Companies,9286
INDIASHLTR,INDIA SHELTE FIN,Finance Companies,9260
RHIM,RHI Magnesita,Industrial Products Companies,9223
MAPMYINDIA,C.E. Info System,IT - Software Companies,9152
KRBL,KRBL,Agricultural Food & other Products Companies,9018
STARCEMENT,Star Cement,Cement & Cement Products Companies,9005
BBOX,Black Box,IT - Services Companies,8999
TIMETECHNO,Time Technoplast,Industrial Products Companies,8987
VIKRAMSOLR,Vikram Solar,Electrical Equipment Companies,8979
BALRAMCHIN,Balrampur Chini,Agricultural Food & other Products Companies,8970
HONASA,Honasa Consumer,Personal Products Companies,8946
NAZARA,Nazara Technolo.,Entertainment Companies,8934
ESABINDIA,Esab India,Industrial Products Companies,8842
GPPL,Guj Pipavav Port,Transport Infrastructure Companies,8813
MAHLIFE,Mahindra Life.,Realty Companies,8801
TTKPRESTIG,TTK Prestige,Consumer Durables Companies,8785
TEJASNET,Tejas Networks,Telecom - Equipment & Accessories Companies,8769
532468,Kama Holdings,Finance Companies,8719
WESTLIFE,Westlife Food,Leisure Services Companies,8710
ARVIND,Arvind Ltd,Textiles & Apparels Companies,8697
ORKLAINDIA,Orkla India,Food Products Companies,8642
NESCO,NESCO,Commercial Services & Supplies Companies,8633
PGINVIT,Powergrid Infra.,Power Companies,8615
GRWRHITECH,Garware Hi Tech,Industrial Products Companies,8607
WABAG,Va Tech Wabag,Other Utilities Companies,8515
JSLL,Jeena Sikho,Pharmaceuticals & Biotechnology Companies,8510
MMTC,MMTC,Commercial Services & Supplies Companies,8480
TMB,T N Merc. Bank,Banks,8460
533095,Bengal & Assam,Finance Companies,8414
PNGJL,P N Gadgil Jewe.,Consumer Durables Companies,8411
ALKYLAMINE,Alkyl Amines,Chemicals & Petrochemicals Companies,8374
CAMPUS,Campus Activewe.,Consumer Durables Companies,8370
KPIGREEN,KPI Green Energy,Power Companies,8358
BIRLACORPN,Birla Corpn.,Cement & Cement Products Companies,8352
MARKSANS,Marksans Pharma,Pharmaceuticals & Biotechnology Companies,8337
V2RETAIL,V2 Retail,Retailing Companies,8191
STAR,Strides Pharma,Pharmaceuticals & Biotechnology Companies,8117
PCJEWELLER,PC Jeweller,Consumer Durables Companies,8098
KTKBANK,Karnataka Bank,Banks,8061
MANORAMA,Manorama Indust.,Food Products Companies,8057
ALOKINDS,Alok Industries,Textiles & Apparels Companies,8039
TCI,Transport Corp.,Transport Services Companies,7996
BLUESTONE,Bluestone Jewel,Consumer Durables Companies,7988
ETHOSLTD,Ethos Ltd,Consumer Durables Companies,7987
WEWORK,Wework India,Commercial Services & Supplies Companies,7985
VOLTAMP,Volt.Transform.,Electrical Equipment Companies,7973
LLOYDSENT,Lloyds Enterpris,Metals & Minerals Trading Companies,7883
KIRLFER,Kirl. Ferrous,Ferrous Metals Companies,7878
SAPPHIRE,Sapphire Foods,Leisure Services Companies,7871
RATEGAIN,Rategain Travel,IT - Software Companies,7852
BECTORFOOD,Mrs Bectors,Food Products Companies,7843
GMRP&UI,GMR Urban,Power Companies,7834
RCF,R C F,Fertilizers & Agrochemicals Companies,7833
SHARDACROP,Sharda Cropchem,Fertilizers & Agrochemicals Companies,7833
SUDARSCHEM,Sudarshan Chem.,Chemicals & Petrochemicals Companies,7803
RELIGARE,Religare Enterp.,Finance Companies,7788
BORORENEW,Borosil Renew.,Industrial Products Companies,7738
INOXGREEN,Inox Green,Power Companies,7733
HAPPSTMNDS,Happiest Minds,IT - Software Companies,7685
TRIVENI,Triven.Engg.Ind.,Agricultural Food & other Products Companies,7672
MAHSEAMLES,Mah. Seamless,Industrial Products Companies,7662
TRANSRAILL,Transrail Light,Electrical Equipment Companies,7643
DIACABS,Diamond Power,Electrical Equipment Companies,7605
LOTUSDEV,Sri Lotus,Realty Companies,7529
SUDEEPPHRM,Sudeep Pharma,Pharmaceuticals & Biotechnology Companies,7494
MAXESTATES,Max Estates,Realty Companies,7455
SHAKTIPUMP,Shakti Pumps,Industrial Products Companies,7437
GNFC,G N F C,Chemicals & Petrochemicals Companies,7387
DODLA,Dodla Dairy,Food Products Companies,7371
PGIL,Pearl Global Ind,Textiles & Apparels Companies,7347
DBL,Dilip Buildcon,Construction Companies,7343
PRICOLLTD,Pricol Ltd,Auto Components Companies,7337
TANLA,Tanla Platforms,IT - Software Companies,7319
500123,Elantas Beck,Chemicals & Petrochemicals Companies,7259
WELENT,Welspun Enterp,Construction Companies,7204
LLOYDSENGG,Lloyds Engineeri,Industrial Manufacturing Companies,7186
SAREGAMA,Saregama India,Entertainment Companies,7140
GSFC,G S F C,Fertilizers & Agrochemicals Companies,7138
IMFA,Indian Metals,Ferrous Metals Companies,7133
INDIAGLYCO,India Glycols,Beverages Companies,7121
GALAXYSURF,Galaxy Surfact.,Chemicals & Petrochemicals Companies,7111
TARIL,T R I L,Electrical Equipment Companies,7111
BALUFORGE,Balu Forge,Industrial Products Companies,7069
AJAXENGG,Ajax Engineering,"Agricultural, Commercial & Construction Vehicles Companies",7041
POWERMECH,Power Mech Proj.,Construction Companies,6994
REDTAPE,Redtape,Consumer Durables Companies,6987
EQUITASBNK,Equitas Sma. Fin,Banks,6910
CERA,Cera Sanitary.,Consumer Durables Companies,6892
RUSTOMJEE,Keystone Realtor,Realty Companies,6860
KALPATARU,Kalpat.,Realty Companies,6857
FDC,FDC,Pharmaceuticals & Biotechnology Companies,6741
TIPSMUSIC,Tips Music,Entertainment Companies,6720
KIRLPNU,Kirl.Pneumatic,Industrial Products Companies,6710
CSBBANK,CSB Bank,Banks,6709
ATLANTAELE,Atlanta Electric,Electrical Equipment Companies,6700
GANESHHOU,Ganesh Housing,Realty Companies,6686
MASTEK,Mastek,IT - Software Companies,6684
PRSMJOHNSN,Prism Johnson,Cement & Cement Products Companies,6684
NETWORK18,Netwrk.18 Media,Entertainment Companies,6669
AHLUCONT,Ahluwalia Contr.,Construction Companies,6653
THOMASCOOK,Thomas Cook (I),Leisure Services Companies,6650
MOIL,MOIL,Minerals & Mining Companies,6643
YATHARTH,Yatharth Hospit.,Healthcare Services Companies,6619
AKUMS,Akums Drugs,Pharmaceuticals & Biotechnology Companies,6611
GARFIBRES,Garware Tech.,Textiles & Apparels Companies,6565
AARTIPHARM,Aarti Pharma,Pharmaceuticals & Biotechnology Companies,6541
ARVINDFASN,Arvind Fashions.,Retailing Companies,6538
THYROCARE,Thyrocare Tech.,Healthcare Services Companies,6526
AVL,Aditya Vision,Retailing Companies,6515
DBREALTY,Valor Estate,Leisure Services Companies,6493
ASHAPURMIN,Ashapura Minech.,Minerals & Mining Companies,6491
SHILPAMED,Shilpa Medicare,Pharmaceuticals & Biotechnology Companies,6486
SFL,Sheela Foam,Consumer Durables Companies,6482
KOVAI,Kovai Medical,Healthcare Services Companies,6482
EPL,EPL Ltd,Industrial Products Companies,6439
JAYNECOIND,Jayaswal Neco,Industrial Products Companies,6436
GOKEX,Gokaldas Exports,Textiles & Apparels Companies,6392
PNCINFRA,PNC Infratech,Construction Companies,6388
IFBIND,IFB Industries,Consumer Durables Companies,6362
EPIGRAL,Epigral,Chemicals & Petrochemicals Companies,6350
MHRIL,Mahindra Holiday,Leisure Services Companies,6323
SHREMINVIT,Shrem InvIT,Construction Companies,6322
RELINFRA,Reliance Infra.,Power Companies,6322
RAYMONDLSL,Raymond Lifestyl,Textiles & Apparels Companies,6303
SUPRAJIT,Suprajit Engg.,Auto Components Companies,6300
UTLSOLAR,Fujiyama Power,Electrical Equipment Companies,6259
JKPAPER,JK Paper,"Paper, Forest & Jute Products Companies",6254
HNDFDS,Hindustan Foods,Diversified FMCG Companies,6221
ACI,Archean Chemical,Chemicals & Petrochemicals Companies,6213
JUSTDIAL,Just Dial,Retailing Companies,6207
GREENLAM,Greenlam Industr,Consumer Durables Companies,6152
VMART,V-Mart Retail,Retailing Companies,6040
SWANDEF,Swan Defence,Industrial Manufacturing Companies,6017
SYMPHONY,Symphony,Consumer Durables Companies,6003
SUPRIYA,Supriya Lifesci.,Pharmaceuticals & Biotechnology Companies,5998
LGBBROSLTD,L G Balakrishnan,Auto Components Companies,5995
AURIONPRO,Aurionpro Sol.,IT - Software Companies,5934
FIEMIND,Fiem Industries,Auto Components Companies,5931
OSWALPUMPS,Oswal Pumps,Industrial Products Companies,5931
SUNTECK,Sunteck Realty,Realty Companies,5931
JAIBALAJI,Jai Balaji Inds.,Ferrous Metals Companies,5902
542543,Energy InfrTrust,Gas Companies,5893
INDIGOPNTS,Indigo Paints,Consumer Durables Companies,5890
ICIL,Indo Count Inds.,Textiles & Apparels Companies,5870
ICRA,ICRA,Capital Markets Companies,5865
GOKULAGRO,Gokul Agro,Agricultural Food & other Products Companies,5857
MASFIN,MAS FINANC SER,Finance Companies,5817
ISGEC,ISGEC Heavy,Construction Companies,5772
GHCL,GHCL,Chemicals & Petrochemicals Companies,5760
DYNAMATECH,Dynamatic Tech.,Industrial Manufacturing Companies,5758
AVALON,Avalon Tech,Electrical Equipment Companies,5755
SUBROS,Subros,Industrial Products Companies,5747
CMSINFO,CMS Info Systems,Commercial Services & Supplies Companies,5742
PICCADIL,Piccadily Agro,Beverages Companies,5736
PRAJIND,Praj Industries,Industrial Manufacturing Companies,5707
PILANIINVS,Pilani Invest.,Finance Companies,5689
PURVA,Puravankara,Realty Companies,5687
GULFOILLUB,Gulf Oil Lubric.,Petroleum Products Companies,5675
CRAMC,Canara Robeco,Capital Markets Companies,5670
RTNINDIA,RattanIndia Ent,Retailing Companies,5669
DHANUKA,Dhanuka Agritech,Fertilizers & Agrochemicals Companies,5644
RENUKA,Sh.Renuka Sugar,Agricultural Food & other Products Companies,5628
514440,Blue Pearl Agri,Chemicals & Petrochemicals Companies,5621
SURYAROSNI,Surya Roshni,Industrial Products Companies,5593
SHARDAMOTR,Sharda Motor,Auto Components Companies,5586
CAPILLARY,Capillary Tech.,IT - Software Companies,5577
DCBBANK,DCB Bank,Banks,5569
QPOWER,Quality Power El,Electrical Equipment Companies,5554
BAJAJELEC,Bajaj Electrical,Consumer Durables Companies,5551
RESPONIND,Responsive Ind,Consumer Durables Companies,5463
RAJESHEXPO,Rajesh Exports,Consumer Durables Companies,5452
MANINFRA,Man Infra,Construction Companies,5424
FEDFINA,Fedbank Financi.,Finance Companies,5406
HGINFRA,H.G. Infra Engg.,Construction Companies,5375
SHREEJISPG,Shreeji Ship. Gl,Transport Services Companies,5371
SJS,SJS Enterprises,Auto Components Companies,5330
KINGFA,Kingfa Science,Industrial Products Companies,5322
LUMAXIND,Lumax Industries,Auto Components Companies,5301
GAEL,Guj. Ambuja Exp,Agricultural Food & other Products Companies,5289
INDUSINVIT,Indus Inf. Trust,Transport Infrastructure Companies,5263
CIGNITITEC,Cigniti Tech.,IT - Services Companies,5261
HCC,Hind.Construct.,Construction Companies,5213
SKYGOLD,Sky Gold & Diam.,Consumer Durables Companies,5211
RTNPOWER,RattanIndia Pow.,Power Companies,5209
MIDWESTLTD,Midwest,Consumer Durables Companies,5177
JUNIPER,Juniper Hotels,Leisure Services Companies,5163
TIIL,Technocraf.Inds.,Industrial Products Companies,5160
SWSOLAR,Sterling & Wils.,Construction Companies,5158
EMUDHRA,eMudhra,IT - Services Companies,5116
SMARTWORKS,Smartworks Cowor,Commercial Services & Supplies Companies,5109
SKIPPER,Skipper,Electrical Equipment Companies,5098
BANSALWIRE,Bansal Wire Inds,Industrial Products Companies,5054
SEQUENT,Sequent Scien.,Pharmaceuticals & Biotechnology Companies,5051
NIITMTS,NIIT Learning,Other Consumer Services Companies,5049
SENCO,Senco Gold,Consumer Durables Companies,5045
STYL,Seshaasai Tech.,Financial Technology (Fintech) Companies,5031
KSCL,Kaveri Seed Co.,Agricultural Food & other Products Companies,5028
ELLEN,Ellen.Indl.Gas,Chemicals & Petrochemicals Companies,4999
TEXRAIL,Texmaco Rail,Industrial Manufacturing Companies,4990
IONEXCHANG,ION Exchange,Other Utilities Companies,4984
RSYSTEMS,R Systems Intl.,IT - Services Companies,4976
RALLIS,Rallis India,Fertilizers & Agrochemicals Companies,4969
SPARC,SPARC,Pharmaceuticals & Biotechnology Companies,4963
DATAMATICS,Datamatics Glob.,IT - Services Companies,4949
INFIBEAM,Infibeam Avenues,Financial Technology (Fintech) Companies,4941
526433,ASM Technologies,IT - Software Companies,4918
VIPIND,V I P Inds.,Consumer Durables Companies,4906
GMMPFAUDLR,GMM Pfaudler,Industrial Manufacturing Companies,4896
SMLMAH,SML Mahindra,"Agricultural, Commercial & Construction Vehicles Companies",4878
JAMNAAUTO,Jamna Auto Inds.,Auto Components Companies,4872
OPTIEMUS,Optiemus Infra.,Telecom - Equipment & Accessories Companies,4871
INDOTHAI,Indo Thai Sec.,Capital Markets Companies,4870
KRN,KRN Heat Exchan,Industrial Products Companies,4867
ZOTA,Zota Health Care,Pharmaceuticals & Biotechnology Companies,4839
AGI,AGI Greenpac,Industrial Products Companies,4830
STLTECH,Sterlite Tech.,Telecom - Equipment & Accessories Companies,4830
SAATVIKGL,Saatvik Green,Electrical Equipment Companies,4829
IRBINVIT,IRB InvIT Fund,Transport Infrastructure Companies,4822
VSTTILLERS,VST Till. Tract.,"Agricultural, Commercial & Construction Vehicles Companies",4818
PDSL,PDS,Textiles & Apparels Companies,4815
CRIZAC,Crizac,Retailing Companies,4800
VRLLOG,VRL Logistics,Transport Services Companies,4791
ITDC,I T D C,Leisure Services Companies,4790
LXCHEM,Laxmi Organic,Chemicals & Petrochemicals Companies,4786
KENNAMET,Kennametal India,Industrial Manufacturing Companies,4777
NDRINVIT,NDR INVIT Trust,Commercial Services & Supplies Companies,4732
ZAGGLE,Zaggle Prepaid,IT - Services Companies,4731
JSFB,Jana Small Finan,Banks,4669
SIS,SIS,Other Consumer Services Companies,4640
CARERATING,CARE Ratings,Capital Markets Companies,4636
PTC,PTC India,Power Companies,4632
TVSSCS,TVS Supply,Transport Services Companies,4627
WEBELSOLAR,Websol Energy,Electrical Equipment Companies,4594
SUNFLAG,Sunflag Iron,Industrial Products Companies,4578
RPEL,Raghav Product.,Industrial Products Companies,4577
REFEX,Refex Industries,Chemicals & Petrochemicals Companies,4549
SHILCTECH,Shilchar Tech.,Electrical Equipment Companies,4539
SWARAJENG,Swaraj Engines,Industrial Products Companies,4535
DBCORP,D B Corp,Media Companies,4527
BANARISUG,Bannari Amm.Sug.,Agricultural Food & other Products Companies,4514
ASHOKA,Ashoka Buildcon,Construction Companies,4508
ENTERO,Entero Healthcar,Retailing Companies,4498
PACEDIGITK,Pace Digitek,Telecom - Services Companies,4484
HERITGFOOD,Heritage Foods,Food Products Companies,4458
EMIL,Electronics Mart,Retailing Companies,4458
SHOPERSTOP,Shoppers Stop,Retailing Companies,4442
TARC,TARC Ltd,Realty Companies,4431
IBULLSLTD,Indiabulls,Commercial Services & Supplies Companies,4421
501421,Technvision Ven.,IT - Software Companies,4404
500307,Nirlon,Commercial Services & Supplies Companies,4402
ORCHPHARMA,Orchid Pharma,Pharmaceuticals & Biotechnology Companies,4401
SPICEJET,SpiceJet,Transport Services Companies,4398
ORIANA,Oriana Power Ltd,Electrical Equipment Companies,4386
ANUP,The Anup Enginee,Industrial Manufacturing Companies,4376
NFL,Natl.Fertilizer,Fertilizers & Agrochemicals Companies,4356
INDRAMEDCO,Indrapr.Medical,Healthcare Services Companies,4340
SGMART,SG Mart,Metals & Minerals Trading Companies,4329
GREAVESCOT,Greaves Cotton,Industrial Products Companies,4314
PRECWIRE,Prec. Wires (I),Industrial Products Companies,4291
ROUTE,Route Mobile,Telecom - Services Companies,4287
VSTIND,VST Industries,Cigarettes & Tobacco Products Companies,4284
INDIQUBE,Indiqube Spaces,Commercial Services & Supplies Companies,4283
E2E,E2E Networks,IT - Services Companies,4272
ARTEMISMED,Artemis Medicare,Healthcare Services Companies,4270
ELECTCAST,Electrost.Cast.,Industrial Products Companies,4265
JKIL,J Kumar Infra,Construction Companies,4263
HUBTOWN,Hubtown,Realty Companies,4242
508486,Hawkins Cookers,Consumer Durables Companies,4227
GOLDIAM,Goldiam Intl.,Consumer Durables Companies,4224
KNRCON,KNR Construct.,Construction Companies,4191
BHARATRAS,Bharat Rasayan,Fertilizers & Agrochemicals Companies,4189
NORTHARC,Northern ARC,Finance Companies,4157
CHEMPLASTS,Chemplast Sanmar,Chemicals & Petrochemicals Companies,4144
GUJTHEM,Guj. Themis Bio.,Pharmaceuticals & Biotechnology Companies,4112
CEIGALL,Ceigall India,Construction Companies,4057
543971,Bondada Engineer,Telecom - Services Companies,4056
INNOVACAP,Innova Captab,Pharmaceuticals & Biotechnology Companies,4053
GOPAL,Gopal Snacks,Food Products Companies,4017
542866,Colab Platforms,Finance Companies,4012
JCHAC,Johnson Con. Hit,Consumer Durables Companies,4006
SAMHI,Samhi Hotels,Leisure Services Companies,4006
HEIDELBERG,Heidelberg Cem.,Cement & Cement Products Companies,3999
KITEX,Kitex Garments,Textiles & Apparels Companies,3990
506854,Tanfac Inds.,Chemicals & Petrochemicals Companies,3984
JTEKTINDIA,JTEKT India,Auto Components Companies,3982
POCL,Pondy Oxides,Diversified Metals Companies,3967
INTERARCH,Interarch Build.,Construction Companies,3940
VAIBHAVGBL,Vaibhav Global,Consumer Durables Companies,3924
MOSCHIP,Moschip Tech.,IT - Hardware Companies,3913
AJMERA,Ajmera Realty,Realty Companies,3884
539895,Spice LoungeFood,Leisure Services Companies,3878
SUVEN,Suven Life Scie.,Healthcare Services Companies,3871
PARAGMILK,Parag Milk Foods,Food Products Companies,3862
RAMKY,Ramky Infra,Construction Companies,3861
VADILALIND,Vadilal Inds.,Food Products Companies,3839
ORIENTELEC,Orient Electric,Consumer Durables Companies,3833
SANATHAN,Sanathan Textile,Textiles & Apparels Companies,3813
HEMIPROP,Hemisphere Prop,Commercial Services & Supplies Companies,3796
GUJALKALI,Gujarat Alkalies,Chemicals & Petrochemicals Companies,3795
GOODLUCK,Goodluck India,Industrial Products Companies,3795
ARSSBL,Anand Rathi Shar,Capital Markets Companies,3790
MARATHON,Marathon Nextgen,Realty Companies,3736
505872,WPIL,Industrial Manufacturing Companies,3729
63MOONS,63 Moons Tech.,IT - Software Companies,3719
BOROLTD,Borosil,Consumer Durables Companies,3712
KMEW,Knowledge Marine,Engineering Services Companies,3706
526125,BN Agrochem,Commercial Services & Supplies Companies,3704
AARTIDRUGS,Aarti Drugs,Pharmaceuticals & Biotechnology Companies,3696
RBA,Restaurant Brand,Leisure Services Companies,3664
KIRIINDUS,Kiri Industries,Chemicals & Petrochemicals Companies,3660
BALAMINES,Balaji Amines,Chemicals & Petrochemicals Companies,3649
STYRENIX,Styrenix Perfor.,Chemicals & Petrochemicals Companies,3644
RPGLIFE,RPG LifeScience.,Pharmaceuticals & Biotechnology Companies,3640
STYLAMIND,Stylam Industrie,Consumer Durables Companies,3640
SHANTIGEAR,Shanthi Gears,Industrial Manufacturing Companies,3606
TRUALT,TruAlt Bioenergy,Agricultural Food & other Products Companies,3602
EBGNG,GNG Electronics,IT - Hardware Companies,3594
GRAUWEIL,Grauer & Weil,Chemicals & Petrochemicals Companies,3583
526570,Midwest Gold,Other Construction Materials Companies,3580
SENORES,Senores Pharma.,Pharmaceuticals & Biotechnology Companies,3577
MBAPL,M B Agro Prod.,Fertilizers & Agrochemicals Companies,3566
GUFICBIO,Gufic BioScience,Pharmaceuticals & Biotechnology Companies,3564
SEITINVIT,Sustainable Ener,Power Companies,3564
SINDHUTRAD,Sindhu Trade,Transport Services Companies,3559
EIEL,Enviro Infra,Other Utilities Companies,3559
MPSLTD,MPS,Other Consumer Services Companies,3551
EUROPRATIK,Euro Pratik Sale,Consumer Durables Companies,3547
GREENPLY,Greenply Industr,Consumer Durables Companies,3541
500414,Timex Group,Consumer Durables Companies,3527
AWFIS,AWFIS Space,Commercial Services & Supplies Companies,3522
RAIN,Rain Industries,Chemicals & Petrochemicals Companies,3521
WONDERLA,Wonderla Holiday,Leisure Services Companies,3519
509732,Kothari Indl,Fertilizers & Agrochemicals Companies,3518
TVSSRICHAK,TVS Srichakra,Auto Components Companies,3517
BAJAJCON,Bajaj Consumer,Personal Products Companies,3513
DPABHUSHAN,D.P. Abhushan,Consumer Durables Companies,3498
MEDIASSIST,Medi Assist Ser.,Insurance Companies,3495
DCAL,Dishman Carbogen,Pharmaceuticals & Biotechnology Companies,3493
NACLIND,NACL Industries,Fertilizers & Agrochemicals Companies,3486
INDOSTAR,Indostar Capital,Finance Companies,3483
SHAREINDIA,Share India Sec.,Capital Markets Companies,3482
LUXIND,Lux Industries,Textiles & Apparels Companies,3478
SABTNL,Sri Adhik. Bros.,Entertainment Companies,3465
UFLEX,Uflex,Industrial Products Companies,3464
JUBLCPL,Jubilant Agri,Chemicals & Petrochemicals Companies,3458
ADVENZYMES,Advanced Enzyme,Pharmaceuticals & Biotechnology Companies,3424
KIRLOSIND,Kirloskar Indus.,Industrial Products Companies,3412
PSPPROJECT,PSP Projects,Construction Companies,3410
FOSECOIND,Foseco India,Chemicals & Petrochemicals Companies,3396
HARSHA,Harsha Engg Intl,Industrial Products Companies,3394
CYIENTDLM,Cyient DLM,Industrial Manufacturing Companies,3388
AGIIL,AGI Infra,Realty Companies,3381
PAISALO,Paisalo Digital,Finance Companies,3373
NSIL,Nalwa Sons Invst,Finance Companies,3362
ORIENTCEM,Orient Cement,Cement & Cement Products Companies,3359
VISHNU,Vishnu Chemicals,Chemicals & Petrochemicals Companies,3346
ROSSARI,Rossari Biotech,Chemicals & Petrochemicals Companies,3341
KSL,Kalyani Steels,Industrial Products Companies,3331
KOLTEPATIL,Kolte Patil Dev.,Realty Companies,3326
MANINDS,Man Industries,Industrial Products Companies,3322
SANDHAR,Sandhar Tech,Auto Components Companies,3304
MSTCLTD,MSTC,Commercial Services & Supplies Companies,3293
BBL,Bharat Bijlee,Electrical Equipment Companies,3264
CENTUM,Centum Electron,Industrial Manufacturing Companies,3258
TATVA,Tatva Chintan,Chemicals & Petrochemicals Companies,3245
RAYMONDREL,Raymond Realty,Realty Companies,3235
PATELENG,Patel Engineerin,Construction Companies,3232
542727,City Pulse Multi,Retailing Companies,3186
JINDWORLD,Jindal Worldwide,Textiles & Apparels Companies,3167
PROTEAN,Protean eGov,IT - Services Companies,3166
NAVNETEDUL,Navneet Educat.,Printing & Publication Companies,3165
MUTHOOTMF,Muthoot Microfin,Finance Companies,3152
UNIVCABLES,Universal Cables,Industrial Products Companies,3148
UNICHEMLAB,Unichem Labs.,Pharmaceuticals & Biotechnology Companies,3137
519477,CIAN Agro,Agricultural Food & other Products Companies,3133
HLEGLAS,HLE Glascoat,Industrial Manufacturing Companies,3132
MAHLOG,Mahindra Logis.,Transport Services Companies,3120
KKCL,Kewal Kir.Cloth.,Textiles & Apparels Companies,3110
CARRARO,Carraro India,Auto Components Companies,3105
BALMLAWRIE,Balmer Lawrie,Diversified Companies,3101
ROADSTAR,Roadstar Infra,Transport Infrastructure Companies,3097
SGLTL,Standard Glass,Industrial Manufacturing Companies,3089
JISLJALEQS,Jain Irrigation,Industrial Products Companies,3073
EPACKPEB,EPack PrefabTech,Industrial Manufacturing Companies,3056
ASHIANA,Ashiana Housing,Realty Companies,3037
534535,String Metaverse,IT - Services Companies,3034
RAYMOND,Raymond,Realty Companies,3031
FLAIR,Flair Writing,Household Products Companies,3029
ARKADE,Arkade,Realty Companies,3028
BHAGCHEM,Bhagiradha Chem.,Fertilizers & Agrochemicals Companies,3025
SIYSIL,Siyaram Silk,Textiles & Apparels Companies,3022
SSWL,Steel Str. Wheel,Auto Components Companies,3013
KRISHANA,Krishana Phosch.,Fertilizers & Agrochemicals Companies,3011
QUESS,Quess Corp,Commercial Services & Supplies Companies,3011
PITTIENG,Pitti Engg.,Industrial Manufacturing Companies,3002
TFCILTD,Tour. Fin. Corp.,Finance Companies,3001
HIKAL,Hikal,Pharmaceuticals & Biotechnology Companies,2998
FISCHER,Fischer Medical,Healthcare Equipment & Supplies Companies,2996
GATEWAY,Gateway Distri,Transport Services Companies,2994
ROLEXRINGS,Rolex Rings,Auto Components Companies,2973
DDEVPLSTIK,DDev Plastiks,Chemicals & Petrochemicals Companies,2972
SMSPHARMA,SMS Pharma.,Pharmaceuticals & Biotechnology Companies,2969
FCL,Fineotex Chem,Chemicals & Petrochemicals Companies,2946
539921,Shanti Educat.,Other Consumer Services Companies,2940
522101,Kilburn Engg.,Industrial Manufacturing Companies,2938
GREENPANEL,Greenpanel Inds.,Consumer Durables Companies,2935
ORISSAMINE,Orissa Minerals,Minerals & Mining Companies,2890
GKENERGY,GK Energy,Construction Companies,2889
KDDL,KDDL Ltd,Consumer Durables Companies,2888
GRMOVER,GRM Overseas,Agricultural Food & other Products Companies,2885
BGRENERGY,BGR Energy Sys.,Construction Companies,2878
NPST,Network People,IT - Services Companies,2869
PRINCEPIPE,Prince Pipes,Industrial Products Companies,2866
MARINE,Marine Electric.,Industrial Manufacturing Companies,2857
PARKHOTELS,Apeejay Surrend.,Leisure Services Companies,2853
NXT-INFRA,Nxt-Infra Trust,Construction Companies,2851
BRIGHOTEL,Brigade Hotel,Leisure Services Companies,2848
SIRCA,Sirca Paints,Consumer Durables Companies,2848
RAMRAT,Ram Ratna Wires,Electrical Equipment Companies,2847
PREMEXPLN,Prem. Explosives,Chemicals & Petrochemicals Companies,2846
NOCIL,NOCIL,Chemicals & Petrochemicals Companies,2839
543620,Insolation Ener,Power Companies,2830
CAMLINFINE,Camlin Fine,Chemicals & Petrochemicals Companies,2822
VEEDOL,Veedol Corporat,Petroleum Products Companies,2820
514446,LS Industries,Metals & Minerals Trading Companies,2817
GLOBUSSPR,Globus Spirits,Beverages Companies,2808
UTKARSHBNK,Utkarsh Small F.,Banks,2805
SAMBHV,Sambhv Steel,Industrial Products Companies,2801
EASEMYTRIP,Easy Trip Plann.,Leisure Services Companies,2800
PENIND,Pennar Industrie,Industrial Manufacturing Companies,2791
NEOGEN,Neogen Chemicals,Chemicals & Petrochemicals Companies,2782
TCPLPACK,TCPL Packaging,Industrial Products Companies,2779
JASH,Jash Engineering,Industrial Manufacturing Companies,2775
ARVSMART,Arvind SmartSp.,Realty Companies,2773
SUNDROP,Sundrop Brands,Agricultural Food & other Products Companies,2770
DEEPINDS,Deep Industries,Oil Companies,2767
BOMDYEING,Bombay Dyeing,Textiles & Apparels Companies,2756
AUTOAXLES,Automotive Axles,Auto Components Companies,2754
517467,Marsons,Electrical Equipment Companies,2746
MAITHANALL,Maithan Alloys,Ferrous Metals Companies,2742
RELTD,Ravindra Energy,Electrical Equipment Companies,2742
TEAMLEASE,Team Lease Serv.,Commercial Services & Supplies Companies,2742
NRBBEARING,NRB Bearings,Auto Components Companies,2725
WSTCSTPAPR,West Coast Paper,"Paper, Forest & Jute Products Companies",2718
SUNCLAY,Sundaram Clayton,Auto Components Companies,2711
YATRA,Yatra Online,Leisure Services Companies,2709
VSSL,Vardhman Special,Industrial Products Companies,2708
SAGCEM,Sagar Cements,Cement & Cement Products Companies,2699
504882,National Standar,Realty Companies,2691
VIMTALABS,Vimta Labs,Healthcare Services Companies,2685
IMAGICAA,Imagica. Enter.,Leisure Services Companies,2682
RAMCOIND,Ramco Inds.,Other Construction Materials Companies,2678
TIRUMALCHM,Thirumalai Chem.,Chemicals & Petrochemicals Companies,2672
CARYSIL,Carysil,Consumer Durables Companies,2666
FMGOETZE,Federal-Mogul Go,Auto Components Companies,2664
526783,Dr Agarwal's Eye,Healthcare Services Companies,2637
GOCOLORS,Go Fashion (I),Retailing Companies,2621
FINOPB,Fino Payments,Banks,2619
SANGHVIMOV,Sanghvi Movers,Commercial Services & Supplies Companies,2613
POKARNA,Pokarna,Consumer Durables Companies,2607
HIRECT,Hind Rectifiers,Industrial Manufacturing Companies,2601
503681,Elcid Investment,Finance Companies,2597
DIAMONDYD,Prataap Snacks,Food Products Companies,2595
SAKSOFT,Saksoft,IT - Software Companies,2594
RPSGVENT,RPSG Ventures,Commercial Services & Supplies Companies,2593
ALEMBICLTD,Alembic,Realty Companies,2590
VENUSPIPES,Venus Pipes,Industrial Products Companies,2590
POLYPLEX,Polyplex Corpn,Industrial Products Companies,2587
PRABHA,Prabha Energy,Oil Companies,2578
SEAMECLTD,SEAMEC Ltd,Transport Services Companies,2571
REPCOHOME,Repco Home Fin,Finance Companies,2544
EFCIL,EFC (I),Commercial Services & Supplies Companies,2538
UGROCAP,Ugro Capital,Finance Companies,2527
HINDWAREAP,Hindware Home In,Consumer Durables Companies,2521
HPL,HPL Electric,Industrial Manufacturing Companies,2513
SBCL,Shivalik Bimetal,Industrial Products Companies,2512
542012,A-1,Chemicals & Petrochemicals Companies,2506
BAJAJHIND,Bajaj Hindusthan,Agricultural Food & other Products Companies,2499
SOTL,Savita Oil Tech,Petroleum Products Companies,2495
SOLARWORLD,Solarworld Ene.,Construction Companies,2489
EPACK,Epack Durable,Consumer Durables Companies,2488
IOLCP,IOL Chemicals,Pharmaceuticals & Biotechnology Companies,2477
VIKRAN,Vikran Engg.,Construction Companies,2474
DREDGECORP,Dredging Corpn.,Engineering Services Companies,2466
ALPEXSOLAR,Alpex Solar,Electrical Equipment Companies,2450
HONDAPOWER,Honda India,Industrial Manufacturing Companies,2450
VINCOFE,Vintage Coffee,Commercial Services & Supplies Companies,2446
KRSNAA,Krsnaa Diagnost.,Healthcare Services Companies,2436
SOLARA,Solara Active,Pharmaceuticals & Biotechnology Companies,2435
WINDMACHIN,Windsor Machines,Industrial Manufacturing Companies,2426
GANECOS,Ganesha Ecosphe.,Textiles & Apparels Companies,2426
540199,Corporate Merch,Finance Companies,2423
MONARCH,Monarch Networth,Capital Markets Companies,2423
543619,Concord Control,Industrial Manufacturing Companies,2420
500365,Welspun Special.,Industrial Products Companies,2417
GIPCL,Guj Inds. Power,Power Companies,2410
TAJGVK,TajGVK Hotels,Leisure Services Companies,2402
NUCLEUS,Nucleus Soft.,IT - Software Companies,2396
500147,John Cockerill,Industrial Manufacturing Companies,2393
DALMIASUG,Dalmia Bharat,Agricultural Food & other Products Companies,2391
KALAMANDIR,Sai Silks,Retailing Companies,2389
JTLIND,JTL Industries,Industrial Products Companies,2387
WEL,Wonder Electric.,Consumer Durables Companies,2364
LAOPALA,La Opala RG,Consumer Durables Companies,2361
KPEL,K.P. Energy,Power Companies,2361
PRAKASH,Prakash Industri,Ferrous Metals Companies,2352
KCP,K C P,Cement & Cement Products Companies,2351
504092,Indokem,Chemicals & Petrochemicals Companies,2333
MOREPENLAB,Morepen Labs.,Pharmaceuticals & Biotechnology Companies,2327
INDOCO,Indoco Remedies,Pharmaceuticals & Biotechnology Companies,2322
505504,GHV Infra,Construction Companies,2320
XPROINDIA,XPRO India,Industrial Products Companies,2317
BCG,Brightcom Group,IT - Services Companies,2302
EMSLIMITED,EMS,Other Utilities Companies,2299
MTNL,M T N L,Telecom - Services Companies,2298
AEROFLEX,Aeroflex,Industrial Products Companies,2286
EVEREADY,Eveready Inds.,Household Products Companies,2285
JAICORPLTD,Jai Corp,Industrial Products Companies,2283
SHK,S H Kelkar & Co.,Chemicals & Petrochemicals Companies,2279
RAJRATAN,Rajratan Global,Auto Components Companies,2269
523862,Grand Oak Canyon,Finance Companies,2267
ANANTAM,Anantam Highways,Transport Infrastructure Companies,2264
BFUTILITIE,BF Utilities,Transport Infrastructure Companies,2259
FILATEX,Filatex India,Textiles & Apparels Companies,2257
ANZEN,Anzen IYEP Trust,Power Companies,2256
HATHWAY,Hathway Cable,Entertainment Companies,2248
BEPL,Bhansali Engg.,Chemicals & Petrochemicals Companies,2246
SUMMITSEC,Summit Securitie,Finance Companies,2244
RAMCOSYS,Ramco Systems,IT - Software Companies,2241
543542,Kesar India,Realty Companies,2232
JINDALPOLY,Jindal Poly Film,Industrial Products Companies,2231
GVPIL,GE Power,Electrical Equipment Companies,2224
SGFIN,SG Finserve,Finance Companies,2217
CAPACITE,Capacit'e Infra.,Construction Companies,2216
TCIEXP,TCI Express,Transport Services Companies,2215
ADFFOODS,ADF Foods,Food Products Companies,2214
STEELCAS,Steelcast,Industrial Products Companies,2194
SCILAL,Shipping Land,Finance Companies,2191
EIHAHOTELS,EIH Assoc.Hotels,Leisure Services Companies,2191
KICL,Kalyani Invest.,Finance Companies,2187
HGS,Hinduja Global,Commercial Services & Supplies Companies,2179
544150,KP Green Engg.,Electrical Equipment Companies,2176
SIMPLEXINF,Simplex Infra,Construction Companies,2174
MAYURUNIQ,Mayur Uniquoters,Consumer Durables Companies,2172
TVSINVIT,TVS Infra. Trust,Commercial Services & Supplies Companies,2169
GMBREW,G M Breweries,Beverages Companies,2166
LANDMARK,Landmark Cars,Automobiles Companies,2163
MANGLMCEM,Mangalam Cement,Cement & Cement Products Companies,2157
SYSTMTXC,Systematix Corp.,Capital Markets Companies,2154
UNIPARTS,Uniparts India,Auto Components Companies,2152
CANTABIL,Cantabil Retail,Textiles & Apparels Companies,2150
SHALBY,Shalby,Healthcare Services Companies,2145
INDIANHUME,Indian Hume Pipe,Industrial Manufacturing Companies,2144
RPTECH,Rashi Peripheral,IT - Hardware Companies,2142
SANGAMIND,Sangam India,Textiles & Apparels Companies,2137
PFS,PTC India Fin,Finance Companies,2125
SDBL,Som Distilleries,Beverages Companies,2121
SHRINGARMS,Shringar House,Consumer Durables Companies,2115
STUDDS,Studds Accessor.,Auto Components Companies,2109
PANACEABIO,Panacea Biotec,Pharmaceuticals & Biotechnology Companies,2108
INSECTICID,Insecticid.India,Fertilizers & Agrochemicals Companies,2087
MBEL,M & B Engineer.,Construction Companies,2084
WAAREEINDO,Indosolar,Electrical Equipment Companies,2081
TASTYBITE,Tasty Bite Eat.,Food Products Companies,2075
RML,Rane (Madras),Auto Components Companies,2075
MSPL,MSP Steel & Pow.,Industrial Products Companies,2072
NILKAMAL,Nilkamal Ltd,Consumer Durables Companies,2058
STYLEBAAZA,Baazar Style,Retailing Companies,2056
544291,Rajesh Power,Other Utilities Companies,2048
HINDOILEXP,Hind.Oil Explor.,Oil Companies,2037
SPANDANA,Spandana Sphoort,Finance Companies,2037
WHEELS,Wheels India,Auto Components Companies,2024
RMDRIP,R M Drip & Sprin,Industrial Products Companies,2023
544224,Afcom Holdings,Transport Services Companies,2020
ORIENTHOT,Oriental Hotels,Leisure Services Companies,2007
UEL,Ujaas Energy,Power Companies,2003
