Symbol,Type,Sector,Mcap
RELIANCE,Reliance Industr,Energy,2092931.64
HDFCBANK,Hdfcbank Bank,Financial Services,1535054.85
BHARTIARTL,Bhartiartl Airtel,Telecommunication,1296562.96
TCS,Tcs https,Information Technology,1139570.4
ICICIBANK,Icicibank Bank,Financial Services,978982.69
SBIN,Sbin https,Financial Services,897632.69
INFY,Infy https,Information Technology,641750.59
BAJFINANCE,Bajfinance Finance,Financial Services,624860.15
HINDUNILVR,Hindunilvr Unilever,Fast Moving Consumer Goods,571655.24
LICI,Lici Insurance,Financial Services,570767.79
LT,Lt & Toubro,Industrials,553616.41
ITC,Itc https,Fast Moving Consumer Goods,510922.66
MARUTI,Maruti Suzuki,Consumer Discretionary,502371.87
M&M,M&M & M,Consumer Discretionary,466361.4
HCLTECH,Hcltech Technologies,Information Technology,436370.6
SUNPHARMA,Sunpharma Pharma.Inds.,Healthcare,426901.56
KOTAKBANK,Kotakbank Mah. Bank,Financial Services,415528.64
AXISBANK,Axisbank Bank,Financial Services,395952.07
TITAN,Titan Company,Consumer Discretionary,346716.09
ULTRACEMCO,Ultracemco Cem.,Commodities,345579.21
BAJAJFINSV,Bajajfinsv Finserv,Financial Services,327841.32
ADANIPORTS,Adaniports Ports,Services,319700.24
NTPC,Ntpc https,Utilities,316596.2
ADANIENT,Adanient Enterp.,Commodities,313216.1
ONGC,Ongc N G C,Energy,310670
HAL,Hal Aeronautics,Industrials,307344.47
BEL,Bel Electron,Industrials,304342.64
ETERNAL,Eternal Ltd,Consumer Discretionary,291491
ADANIPOWER,Adanipower Power,Utilities,287592.36
JSWSTEEL,Jswsteel Steel,Commodities,278914.71
ASIANPAINT,Asianpaint Paints,Consumer Discretionary,275985.56
DMART,Dmart Super.,Consumer Discretionary,262868.97
POWERGRID,Powergrid Grid Corpn,Utilities,258091.66
WIPRO,Wipro https,Information Technology,256393.51
BAJAJ-AUTO,Bajaj-Auto Auto,Consumer Discretionary,248198.39
NESTLEIND,Nestleind India,Fast Moving Consumer Goods,246698.86
IOC,Ioc O C L,Energy,236388.98
COALINDIA,Coalindia India,Energy,233043.69
INDIGO,Indigo Aviat,Services,225851.22
TATASTEEL,Tatasteel Steel,Commodities,209735.42
SBILIFE,Sbilife Life Insuran,Financial Services,202727.12
EICHERMOT,Eichermot Motors,Consumer Discretionary,195733.13
VEDL,Vedl https,Commodities,194130.7
HINDZINC,Hindzinc Zinc,Commodities,193646.37
JIOFIN,Jiofin Financial,Financial Services,192853.94
HYUNDAI,Hyundai Motor I,Consumer Discretionary,189838.02
GRASIM,Grasim Inds,Commodities,186176.34
DLF,Dlf https,Consumer Discretionary,179643.69
LTIM,Ltim https,Information Technology,175772.43
HINDALCO,Hindalco Inds.,Commodities,174810.52
ADANIGREEN,Adanigreen Green,Utilities,169853.67
DIVISLAB,Divislab Lab.,Healthcare,169149.1
HDFCLIFE,Hdfclife Life Insur.,Financial Services,164599.47
TVSMOTOR,Tvsmotor Motor Co.,Consumer Discretionary,163548.38
BPCL,Bpcl P C L,Energy,158181.88
IRFC,Irfc R F C,Financial Services,155606.92
SHRIRAMFIN,Shriramfin Finance,Financial Services,155026.46
TRENT,Trent https,Consumer Discretionary,154962.3
VBL,Vbl Beverages,Fast Moving Consumer Goods,151445.04
PIDILITIND,Pidilitind Inds.,Commodities,149797.56
BANKBARODA,Bankbaroda of Baroda,Financial Services,146944.25
MUTHOOTFIN,Muthootfin Finance,Financial Services,145881.22
TECHM,Techm Mahindra,Information Technology,143108.6
PNB,Pnb Natl.Bank,Financial Services,140650.51
CHOLAFIN,Cholafin Inv.&Fn,Financial Services,140196.15
BRITANNIA,Britannia Inds.,Fast Moving Consumer Goods,140014.33
AMBUJACEM,Ambujacem Cements,Commodities,135344.69
TATACAP,Tatacap Capital,Financial Services,134562.14
TMPV,Tmpv Motors PVeh,Consumer Discretionary,133410.99
CANBK,Canbk Bank,Financial Services,132303.37
BAJAJHLDNG,Bajajhldng Holdings,Financial Services,129544.42
TORNTPHARM,Torntpharm Pharma.,Healthcare,124884.8
SOLARINDS,Solarinds Industries,Commodities,124558.72
TATAPOWER,Tatapower Power Co.,Utilities,123691.51
CIPLA,Cipla https,Healthcare,122138.82
PFC,Pfc Fin.Corpn.,Financial Services,121988.4
GAIL,Gail India),Energy,120487.71
CUMMINSIND,Cumminsind India,Industrials,120115.09
HEROMOTOCO,Heromotoco Motocorp,Consumer Discretionary,120081.97
TMCV,Tmcv Motors,Industrials,119473.88
ENRIN,Enrin Ener.Ind,Industrials,118694.95
LODHA,Lodha Developers,Consumer Discretionary,117371.13
TATACONSUM,Tataconsum Consumer,Fast Moving Consumer Goods,117172.81
ADANIENSOL,Adaniensol Energy Sol,Utilities,117118.71
BSE,Bse https,Financial Services,116251.08
MOTHERSON,Motherson Mothe.,Consumer Discretionary,115836.07
HDFCAMC,Hdfcamc AMC,Financial Services,115530.84
UNIONBANK,Unionbank Bank (I),Financial Services,115251.18
GODREJCP,Godrejcp Consumer,Fast Moving Consumer Goods,115069.13
MAXHEALTH,Maxhealth Healthcare,Healthcare,114944.86
INDIANB,Indianb Bank,Financial Services,114630.46
POLYCAB,Polycab India,Industrials,113310.99
SIEMENS,Siemens https,Industrials,113072.85
CGPOWER,Cgpower Power & Ind,Industrials,111849.53
LGEINDIA,Lgeindia Electronics,Consumer Discretionary,111484.88
MAZDOCK,Mazdock Dock,Industrials,110765.24
GMRAIRPORT,Gmrairport Airports,Services,109866.14
ABB,Abb B B,Industrials,108095.91
IDEA,Idea Idea,Telecommunication,108018.01
IDBI,Idbi Bank,Financial Services,107729.68
BOSCHLTD,Boschltd https,Consumer Discretionary,107590.81
INDUSTOWER,Industower Towers,Telecommunication,106988.99
APOLLOHOSP,Apollohosp Hospitals,Healthcare,106297.02
JINDALSTEL,Jindalstel Steel,Commodities,105901.79
INDHOTEL,Indhotel Hotels Co,Consumer Discretionary,104401.64
DRREDDY,Drreddy Reddy's Labs,Healthcare,103897.58
UNITDSPR,Unitdspr Spirits,Fast Moving Consumer Goods,103840.57
HINDPETRO,Hindpetro P C L,Energy,100359.45
ICICIGI,Icicigi Lombard,Financial Services,99782.57
PERSISTENT,Persistent Systems,Information Technology,99365.62
BHEL,Bhel H E L,Industrials,98368.29
GROWW,Groww https,Financial Services,97500.04
SWIGGY,Swiggy https,Consumer Discretionary,96275.84
POWERINDIA,Powerindia Energy,Industrials,96104.53
MARICO,Marico https,Fast Moving Consumer Goods,96099.53
SHREECEM,Shreecem Cement,Commodities,95560.95
RECLTD,Recltd Ltd,Financial Services,94309.04
ZYDUSLIFE,Zyduslife Lifesci.,Healthcare,93046.31
LUPIN,Lupin https,Healthcare,92697.6
MANKIND,Mankind Pharma,Healthcare,92645.93
WAAREEENER,Waareeener Energies,Industrials,91669.06
DABUR,Dabur India,Fast Moving Consumer Goods,91469.04
DIXON,Dixon Technolog.,Consumer Discretionary,90777.95
HAVELLS,Havells India,Consumer Discretionary,90362.79
ICICIPRULI,Icicipruli Pru Life,Financial Services,88379.11
BAJAJHFL,Bajajhfl Housing,Financial Services,87980.73
BHARTIHEXA,Bhartihexa Hexacom,Telecommunication,87924.3
NAUKRI,Naukri Edg.(India),Consumer Discretionary,86974.81
ABCAPITAL,Abcapital Birla Cap,Financial Services,85159.33
ASHOKLEY,Ashokley Leyland,Industrials,84953.95
JSWENERGY,Jswenergy Energy,Utilities,84671.35
SRF,Srf https,Commodities,84125.42
POLICYBZR,Policybzr Fintech.,Financial Services,83665.42
SBICARD,Sbicard Cards,Financial Services,83612.81
NTPCGREEN,Ntpcgreen Green Ene.,Utilities,81844.94
PAYTM,Paytm https,Financial Services,80930.64
NHPC,Nhpc Ltd,Utilities,79194.73
NYKAA,Nykaa E-Commerce,Consumer Discretionary,77109.4
SUZLON,Suzlon Energy,Industrials,74957.43
IOB,Iob O B,Financial Services,74813
GVT&D,Gvt&D Vernova T&D,Industrials,74392.97
UNOMINDA,Unominda Minda,Consumer Discretionary,74273.6
PRESTIGE,Prestige Estates,Consumer Discretionary,72701.29
LENSKART,Lenskart Solut.,Consumer Discretionary,72430.85
LTF,Ltf Finance Ltd,Financial Services,72189.79
OFSS,Ofss Fin.Serv.,Information Technology,71088.49
AUROPHARMA,Auropharma Pharma,Healthcare,70620.33
YESBANK,Yesbank Bank,Financial Services,70343.91
FORTIS,Fortis Health.,Healthcare,69520.5
OIL,Oil India,Energy,69146.89
AUBANK,Aubank Small Finance,Financial Services,68320.75
ALKEM,Alkem Lab,Healthcare,68123.96
BERGEPAINT,Bergepaint Paints,Consumer Discretionary,67557.98
BHARATFORG,Bharatforg Forge,Consumer Discretionary,67443.55
IDFCFIRSTB,Idfcfirstb First Bank,Financial Services,67318.21
ATGL,Atgl Total Gas,Energy,66786.21
GICRE,Gicre Insuranc,Financial Services,66606.66
COROMANDEL,Coromandel Inter,Commodities,66502.74
BANKINDIA,Bankindia of India,Financial Services,66254.5
INDUSINDBK,Indusindbk Bank,Financial Services,65948.7
RVNL,Rvnl Vikas,Industrials,65469.63
TORNTPOWER,Torntpower Power,Utilities,65101.36
LLOYDSME,Lloydsme Metals,Commodities,64671.64
MRF,Mrf https,Consumer Discretionary,64641.85
NMDC,Nmdc https,Commodities,64637.33
UPL,Upl https,Commodities,63328.58
GODREJPROP,Godrejprop Propert.,Consumer Discretionary,63010.38
PATANJALI,Patanjali Foods,Fast Moving Consumer Goods,62969.39
ABBOTINDIA,Abbotindia India,Healthcare,62925.26
JSL,Jsl Stain.,Commodities,62110.33
SCHAEFFLER,Schaeffler India,Consumer Discretionary,62078.68
HDBFS,Hdbfs FINANC SER,Financial Services,61242.39
VMM,Vmm Mega Mart,Consumer Discretionary,61180.74
PHOENIXLTD,Phoenixltd Mills,Consumer Discretionary,60689.1
FEDERALBNK,Federalbnk Bank,Financial Services,60333.5
OBEROIRLTY,Oberoirlty Realty,Consumer Discretionary,60300.12
COFORGE,Coforge https,Information Technology,60172.8
COLPAL,Colpal Palmoliv,Fast Moving Consumer Goods,59286.07
MFSL,Mfsl Financial,Financial Services,57244.43
FACT,Fact A C T,Commodities,57145.72
MOTILALOFS,Motilalofs Oswal.Fin.,Financial Services,56967.11
JSWINFRA,Jswinfra Infrast,Services,56679.04
NAM-INDIA,Nam-India Life Ind.,Services,56144.47
TIINDIA,Tiindia Investments,Consumer Discretionary,55862.17
BDL,Bdl Dynamics,Industrials,55460.59
SAIL,Sail A I L,Commodities,55398.12
IRCTC,Irctc R C T C,Consumer Discretionary,55224.14
TATACOMM,Tatacomm Comm,Telecommunication,54737.09
BIOCON,Biocon https,Healthcare,53043.98
KRT,Krt Realty,Realty,52854.15
LAURUSLABS,Lauruslabs Labs,Pharma,52800.33
MPHASIS,Mphasis https,Information Technology,52288.41
SUNDARMFIN,Sundarmfin Finance,Financial Services,52266.14
PIIND,Piind I Industries,Commodities,52002.13
GLENMARK,Glenmark Pharma.,Healthcare,51943.9
KALYANKJIL,Kalyankjil Jewellers,Consumer Discretionary,51266.16
LINDEINDIA,Lindeindia India,Commodities,50905.58
MCX,Mcx Comm. Exc.,Financial Services,49381.97
APLAPOLLO,Aplapollo Apollo Tubes,Industrials,47968.56
M&MFIN,M&Mfin & M Fin. Serv.,Financial Services,47613.46
VOLTAS,Voltas https,Consumer Discretionary,46199.62
360ONE,360One https,others,46134.27
HUDCO,Hudco U D C O,Financial Services,46038
NATIONALUM,Nationalum Aluminium,Commodities,46008.54
UBL,Ubl Breweries,Fast Moving Consumer Goods,45660.12
AIIL,Aiil Invest,Financial Services,45335.6
LTTS,Ltts Technology,Information Technology,45250.49
MAHABANK,Mahabank of Maha,Financial Services,45126.49
GODFRYPHLP,Godfryphlp Phillips,Fast Moving Consumer Goods,45055.24
BALKRISIND,Balkrisind Inds,Consumer Discretionary,44873.09
PREMIERENE,Premierene Energies,Industrials,44846.16
COCHINSHIP,Cochinship Shipyard,Industrials,44681.2
SUPREMEIND,Supremeind Inds.,Industrials,44134.52
RADICO,Radico Khaitan,Fast Moving Consumer Goods,43799.3
HEXT,Hext Tech.,Information Technology,43596.29
JKCEMENT,Jkcement K Cements,Commodities,43461.8
ITCHOTELS,Itchotels Hotels,Consumer Discretionary,43458.69
PAGEIND,Pageind Industries,Consumer Discretionary,43400.88
GLAXO,Glaxo Pharma,Healthcare,42320.15
PGHH,Pghh & G Hygiene,Fast Moving Consumer Goods,41780.83
NH,Nh Hrudaya,Healthcare,41716.73
PETRONET,Petronet LNG,Energy,41272.5
EMBASSY,Embassy Off.REIT,Consumer Discretionary,41009.52
IREDA,Ireda Renewable,Financial Services,40565.35
ESCORTS,Escorts Kubota,Industrials,40446.77
3MINDIA,3Mindia India,Diversified,40017
KAYNES,Kaynes Tech,Industrials,39461
KEI,Kei Industries,Industrials,39052.92
ASTRAL,Astral https,Industrials,39033.46
CONCOR,Concor Corpn.,Services,38933.91
JUBLFOOD,Jublfood Food.,Consumer Discretionary,38838.62
PWL,Pwl https,Consumer Discretionary,38675.58
UCOBANK,Ucobank Bank,Financial Services,38496.45
PIRAMALFIN,Piramalfin Finance.,Financial Services,38428.77
POONAWALLA,Poonawalla Fin,Financial Services,38299.54
FLUOROCHEM,Fluorochem Fluoroch,Commodities,38214.67
ENDURANCE,Endurance Tech.,Consumer Discretionary,38107.51
TATAINVEST,Tatainvest Inv.Corpn.,Financial Services,37956.97
DALBHARAT,Dalbharat BharatLtd,Commodities,37675.3
KPRMILL,Kprmill P R Mill Ltd,Consumer Discretionary,37214.84
APARINDS,Aparinds Inds.,Industrials,36840.35
IPCALAB,Ipcalab Labs.,Healthcare,36666.76
BLUESTARCO,Bluestarco Star,Consumer Discretionary,36476.61
ANTHEM,Anthem Bioscienc,Healthcare,35648.58
AWL,Awl Agri Busine.,Fast Moving Consumer Goods,35624.2
GODREJIND,Godrejind Industrie,Diversified,35352.56
AIAENG,Aiaeng Engineering,Industrials,34892.64
CHOLAHLDNG,Cholahldng Financial,Financial Services,34622.61
CENTRALBK,Centralbk Bank,Financial Services,34431.53
ACC,Acc https,Commodities,34405.04
THERMAX,Thermax https,Industrials,34387
NLCINDIA,Nlcindia India,Utilities,34069.24
ASTERDM,Asterdm DM Health.,Healthcare,33708.49
CDSL,Cdsl D S L,Financial Services,33653.18
TATAELXSI,Tataelxsi Elxsi,Information Technology,33086.37
CRISIL,Crisil https,Financial Services,33075.15
MEDANTA,Medanta Health,Healthcare,32986.05
APOLLOTYRE,Apollotyre Tyres,Consumer Discretionary,32555.12
GODIGIT,Godigit Digit General,Financial Services,32354.14
GRSE,Grse Reach Sh.,Industrials,32267.04
MSUMI,Msumi Wiring,Consumer Discretionary,32077.81
KPITTECH,Kpittech Technologi.,Information Technology,32066.11
EXIDEIND,Exideind Inds.,Consumer Discretionary,31913.13
SJVN,Sjvn https,Utilities,31835.35
SONACOMS,Sonacoms BLW Precis.,Consumer Discretionary,31297.31
DELHIVERY,Delhivery https,Services,31279.64
METROBRAND,Metrobrand Brands,Consumer Discretionary,31142.77
AJANTPHARM,Ajantpharm Pharma,Healthcare,31028.06
NAVINFLUOR,Navinfluor Fluo.Intl.,Commodities,30601.26
NBCC,Nbcc https,Industrials,30415.19
HINDCOPPER,Hindcopper Copper,Commodities,30388.35
HONAUT,Honaut Auto,Industrials,30136.37
LICHSGFIN,Lichsgfin Housing Fin.,Financial Services,30025.24
MRPL,Mrpl R P L,Energy,29848.39
GLAND,Gland Pharma,Healthcare,29824.17
TVSHLTD,Tvshltd Holdings,Financial Services,29250.62
AEGISVOPAK,Aegisvopak Vopak Term,Energy,28929.84
STARHEALTH,Starhealth Health Insu,Financial Services,28916.64
NIACL,Niacl India Assura,Financial Services,28780.3
ITI,Iti https,Telecommunication,28620.54
MINDSPACE,Mindspace Busine,Consumer Discretionary,28436.04
IGL,Igl Gas,Energy,28197.41
NHIT,Nhit High,Services,27987.5
GUJGASLTD,Gujgasltd Gas,Energy,27429.08
TATATECH,Tatatech Technolog.,Information Technology,27206.95
JBCHEPHARM,Jbchepharm B Chemicals &,Healthcare,27157.12
PINELABS,Pinelabs Labs,Financial Services,27106.31
GILLETTE,Gillette India,Fast Moving Consumer Goods,26968.14
IKS,Iks Knowl,Information Technology,26944.74
AEGISLOG,Aegislog Logistics,Energy,26881
KIMS,Kims Institu.,Healthcare,26805.34
ATHERENERG,Atherenerg Energy,Consumer Discretionary,26407.13
IRB,Irb Infra.Devl.,Industrials,26390.32
LALPATHLAB,Lalpathlab Lal Pathlabs,Healthcare,26346.68
NUVAMA,Nuvama Wealth,Financial Services,26304.31
PTCIL,Ptcil Industries,Industrials,25813.02
EMCURE,Emcure Pharma,Healthcare,25636.1
FSL,Fsl Solu.,Services,25406.91
SYNGENE,Syngene Intl.,Healthcare,25358.96
AMBER,Amber Enterp.,Consumer Discretionary,25311.02
ASAHIINDIA,Asahiindia India Glas,Consumer Discretionary,25050.68
PPLPHARMA,Pplpharma Pharma,Healthcare,25032.45
ANGELONE,Angelone One,Financial Services,24954.43
HBLENGINE,Hblengine Engineering,Industrials,24877.64
ZFCVINDIA,Zfcvindia Commercial,Consumer Discretionary,24628.99
NXST,Nxst Select,Consumer Discretionary,24261.33
AFFLE,Affle i,Information Technology,24185.22
BANDHANBNK,Bandhanbnk Bank,Financial Services,24016.43
KARURVYSYA,Karurvysya Vysya Bank,Financial Services,23914.58
RAMCOCEM,Ramcocem Ramco Cement,Commodities,23876.14
INOXWIND,Inoxwind Wind,Industrials,23806.49
ANANDRATHI,Anandrathi Rathi Wea.,Financial Services,23721.02
MANAPPURAM,Manappuram Fin.,Financial Services,23463.02
EIHOTEL,Eihotel https,Consumer Discretionary,23422.99
HATSUN,Hatsun Agro,Fast Moving Consumer Goods,23302.88
PNBHOUSING,Pnbhousing Housing,Financial Services,23111.02
TIMKEN,Timken India,Industrials,23083.57
DEEPAKNTR,Deepakntr Nitrite,Commodities,23063.48
SHYAMMETL,Shyammetl Metalics,Industrials,23005.39
IIFL,Iifl Finance,Financial Services,22951.3
PFIZER,Pfizer https,Healthcare,22923.11
WELCORP,Welcorp Corp,Industrials,22886.21
CESC,Cesc https,Utilities,22764.94
SAGILITY,Sagility https,Information Technology,22704.11
ERIS,Eris Lifescience,Healthcare,22668.61
JYOTICNC,Jyoticnc CNC Auto.,Industrials,22571.74
SUMICHEM,Sumichem Chemi.,Commodities,22561.28
COHANCE,Cohance Life,Healthcare,22546.62
ASTRAZEN,Astrazen Phar,Healthcare,22524.01
EMAMILTD,Emamiltd https,Fast Moving Consumer Goods,22448.78
FORCEMOT,Forcemot Motors,Consumer Discretionary,22270.47
REDINGTON,Redington https,Services,22238.55
HSCL,Hscl Special,Commodities,22211.65
ANANTRAJ,Anantraj Raj,Consumer Discretionary,21966.91
BRIGADE,Brigade Enterpr.,Consumer Discretionary,21958.79
ECLERX,Eclerx Services,Services,21892.29
CREDITACC,Creditacc Gram.,Financial Services,21691.63
KIOCL,Kiocl https,Commodities,21433.18
WOCKPHARMA,Wockpharma https,Healthcare,21310.82
NEULANDLAB,Neulandlab Labs.,Healthcare,21298.36
ABSLAMC,Abslamc AMC,Financial Services,21212.6
SUNTV,Suntv TV Network,Consumer Discretionary,21144.61
PSB,Psb & Sind Bank,Financial Services,21095.32
KPIL,Kpil Proj.,Industrials,21033.23
BIRET,Biret India,Consumer Discretionary,20967.87
AADHARHFC,Aadharhfc Hsg. Fin.,Financial Services,20933.59
URBANCO,Urbanco Company,Consumer Discretionary,20710.95
TATACHEM,Tatachem Chemicals,Commodities,20635.56
BAYERCROP,Bayercrop Crop Sci.,Commodities,20463.29
SUNDRMFAST,Sundrmfast Fasten.,Consumer Discretionary,19993.77
DCMSHRIRAM,Dcmshriram Shriram,Diversified,19718.3
CHALET,Chalet Hotels,Consumer Discretionary,19591.51
CPPLUS,Cpplus Infotech,Industrials,19572.06
CAMS,Cams Services,Financial Services,19554.5
CUB,Cub Union Bank,Financial Services,19479.85
ABREL,Abrel B Real Estate,Commodities,19459.47
JSWHL,Jswhl Holdings,Financial Services,19277.37
TENNIND,Tennind Clean,Consumer Discretionary,19191.52
RBLBANK,Rblbank Bank,Financial Services,19153.12
BASF,Basf India,Commodities,19033.61
POLYMED,Polymed Medicure,Healthcare,18997.37
KANSAINER,Kansainer Nerolac,Consumer Discretionary,18812.77
NETWEB,Netweb Technol.,Information Technology,18730.95
CASTROLIND,Castrolind India,Energy,18694.43
ONESOURCE,Onesource Speci.,Healthcare,18664.26
KEC,Kec International,Industrials,18614.03
TBOTEK,Tbotek Tek,Consumer Discretionary,18590.67
CUBEINVIT,Cubeinvit Highways,Services,18548.16
OLAELEC,Olaelec Electric,Consumer Discretionary,18476.97
CHAMBLFERT,Chamblfert Fert.,Commodities,18387.91
KFINTECH,Kfintech Technolog.,Financial Services,18366.68
CGCL,Cgcl Global,Financial Services,18304.76
FIVESTAR,Fivestar Star Bus.Fi,Financial Services,18221.33
ABDL,Abdl Blenders,Fast Moving Consumer Goods,18177.14
EIDPARRY,Eidparry Parry,Fast Moving Consumer Goods,18126.62
SAILIFE,Sailife Life,Healthcare,18099
DEEPAKFERT,Deepakfert Fertilis.,Commodities,17910.55
INDIGRID,Indigrid Trust,Utilities,17897.75
BIKAJI,Bikaji Foods,Fast Moving Consumer Goods,17896.81
DEVYANI,Devyani Intl.,Consumer Discretionary,17791.53
TRAVELFOOD,Travelfood Food,Consumer Discretionary,17773.45
APLLTD,Aplltd Pharma,Healthcare,17724.13
SCHNEIDER,Schneider Elect.,Industrials,17712.78
ATUL,Atul https,Commodities,17584.6
ARE&M,Are&M Raja Ener.,Consumer Discretionary,17462.37
SARDAEN,Sardaen Energy,Commodities,17268.44
CROMPTON,Crompton Gr. Con,Consumer Discretionary,17215.06
KAJARIACER,Kajariacer Ceramics,Consumer Discretionary,17162.43
TRITURBINE,Triturbine Turbine,Industrials,17134.12
JSWCEMENT,Jswcement Cement,Commodities,16960.26
DATAPATTNS,Datapattns Pattern,Industrials,16942.99
KIRLOSENG,Kirloseng Oil,Industrials,16922.14
JUBLPHARMA,Jublpharma Pharmo,Healthcare,16849.97
PGEL,Pgel Electroplast,Consumer Discretionary,16848.5
GRINDWELL,Grindwell Norton,Industrials,16836.06
VENTIVE,Ventive Hospital,Consumer Discretionary,16823.07
GSPL,Gspl St.Petronet,Energy,16819.19
CENTURYPLY,Centuryply Plyboard,Consumer Discretionary,16762.21
MAHSCOOTER,Mahscooter Scooters,Financial Services,16734.33
GPIL,Gpil Power,Industrials,16721.37
VERTIS,Vertis Infra.,Services,16609.82
FIRSTCRY,Firstcry Solut.,Consumer Discretionary,16543.09
VINATIORGA,Vinatiorga Organics,Commodities,16534.1
LMW,Lmw https,Industrials,16398.2
SOBHA,Sobha https,Consumer Discretionary,16340.6
CHOICEIN,Choicein Intl.,Financial Services,16305.09
ZENSARTECH,Zensartech Tech.,Information Technology,16132.14
SYRMA,Syrma SGS Tech.,Industrials,16122.4
EMMVEE,Emmvee Photovol.,Industrials,16113.63
RATNAMANI,Ratnamani Metals,Industrials,16081.32
CRAFTSMAN,Craftsman Auto,Consumer Discretionary,16077.64
RPOWER,Rpower Power,Utilities,16063.33
BEML,Beml Ltd,Industrials,15848.93
CEATLTD,Ceatltd https,Consumer Discretionary,15690.39
SIGNATURE,Signature https,Consumer Discretionary,15688.74
GESHIP,Geship Shipping Co,Services,15672.22
AGARWALEYE,Agarwaleye Agarwal's Hea,Healthcare,15631.47
ABLBL,Ablbl B Lifestyle,Consumer Discretionary,15608.08
ELGIEQUIP,Elgiequip Equipments,Industrials,15608.01
CARBORUNIV,Carboruniv Uni.,Industrials,15578
GMDCLTD,Gmdcltd M D C,Commodities,15539.4
NATCOPHARM,Natcopharm Pharma,Healthcare,15489.42
AKZOINDIA,Akzoindia Nobel,Consumer Discretionary,15445.89
NAVA,Nava https,Utilities,15381.84
DOMS,Doms Industries,Fast Moving Consumer Goods,15293.01
RRKABEL,Rrkabel R Kabel,Industrials,15288.35
IRCON,Ircon Intl.,Industrials,15265.49
CHENNPETRO,Chennpetro P C L,Energy,15261.44
INTELLECT,Intellect Design,Information Technology,15197.9
VGUARD,Vguard Guard Industri,Consumer Discretionary,15097.49
WHIRLPOOL,Whirlpool India,Consumer Discretionary,14980.35
CONCORDBIO,Concordbio Biotech,Healthcare,14950.07
MANYAVAR,Manyavar Fashions,Consumer Discretionary,14783.36
JAINREC,Jainrec Resource,Commodities,14776.66
UTIAMC,Utiamc AMC,Financial Services,14758.13
GABRIEL,Gabriel India,Consumer Discretionary,14642.55
CAPLIPOINT,Caplipoint Point Lab,Healthcare,14603.38
JBMA,Jbma Auto,Consumer Discretionary,14526.8
TRIDENT,Trident https,Consumer Discretionary,14467.39
CARTRADE,Cartrade Tech,Consumer Discretionary,14455.03
ACMESOLAR,Acmesolar Solar Hold.,Utilities,14434.02
SWANCORP,Swancorp Corp,Commodities,14405.15
AFCONS,Afcons Infrastr.,Industrials,14372.85
BELRISE,Belrise Industri,Consumer Discretionary,14349.29
GALLANTT,Gallantt Ispat L,Industrials,14332.13
MINDACORP,Mindacorp Corp,Consumer Discretionary,14243.03
LTFOODS,Ltfoods T Foods,Fast Moving Consumer Goods,14218.26
ANURAS,Anuras Rasayan,Commodities,14216.91
IFCI,Ifci https,Financial Services,14145.23
IGIL,Igil Ge,Services,14052.76
INDIAMART,Indiamart Inter.,Consumer Discretionary,14051.57
ZYDUSWELL,Zyduswell Wellness,Fast Moving Consumer Goods,14043.41
THELEELA,Theleela Palaces Hotels,Consumer Discretionary,13988.24
NIVABUPA,Nivabupa Bupa Health,Financial Services,13962.25
AARTIIND,Aartiind Industries,Commodities,13948.99
ACUTAAS,Acutaas Chemical,Healthcare,13928
FINEORG,Fineorg Organic,Commodities,13894.85
APTUS,Aptus Value Hou.,Financial Services,13858.44
BLUEDART,Bluedart Dart Expres,Services,13786.49
JPPOWER,Jppower Power Ven.,Utilities,13720.11
TECHNOE,Technoe Elec.Engg,Industrials,13607.2
KIRLOSBROS,Kirlosbros Brothers,Industrials,13527.12
RAINBOW,Rainbow Child.,Healthcare,13505.85
JMFINANCIL,Jmfinancil Financial,Financial Services,13395.54
CEMPRO,Cempro Project,Industrials,13376.04
CCL,Ccl Products,Fast Moving Consumer Goods,13332.08
WELSPUNLIV,Welspunliv Living,Consumer Discretionary,13307.54
CELLO,Cello World,Consumer Discretionary,13229.92
GRANULES,Granules India,Healthcare,13212.03
BLS,Bls Internat.,Consumer Discretionary,13210.76
SAMMAANCAP,Sammaancap Capital,Financial Services,13161.01
USHAMART,Ushamart Martin,Industrials,13154.51
VTL,Vtl Textile,Consumer Discretionary,13067.41
PCBL,Pcbl Chemical,Commodities,13047.28
NUVOCO,Nuvoco Vistas,Commodities,13014.56
BBTC,Bbtc Burmah,Fast Moving Consumer Goods,13001.07
PFOCUS,Pfocus Focus,Consumer Discretionary,12996.57
AAVAS,Aavas Financiers,Financial Services,12924.37
BATAINDIA,Bataindia India,Consumer Discretionary,12854.07
NEWGEN,Newgen Software,Information Technology,12831.48
ZENTEC,Zentec Technologies,Industrials,12766.34
JWL,Jwl Wagons,Industrials,12667.03
TEGA,Tega Inds.,Industrials,12666.43
IEX,Iex Energy Ex,Financial Services,12577.42
GRAVITA,Gravita India,Commodities,12563.67
PARADEEP,Paradeep Phosph.,Commodities,12556.85
INDIACEM,Indiacem Cements,Commodities,12509.02
KSB,Ksb https,Industrials,12498.39
CYIENT,Cyient https,Information Technology,12451.2
SPLPETRO,Splpetro Petroch.,Commodities,12385.54
PRIVISCL,Priviscl Speci.,Commodities,12276.38
INGERRAND,Ingerrand Rand,Industrials,12273.79
INDGN,Indgn https,Healthcare,12249.51
JKTYRE,Jktyre Tyre & Indust,Consumer Discretionary,12236.34
AETHER,Aether Industri.,Commodities,12225.18
LEMONTREE,Lemontree Tree Hotel,Consumer Discretionary,12169.61
HOMEFIRST,Homefirst First Finan,Financial Services,12134.43
NSLNISP,Nslnisp Steel,Commodities,12062.33
MGL,Mgl Gas,Energy,11999.01
RITES,Rites https,Industrials,11853.65
CANFINHOME,Canfinhome Fin Homes,Financial Services,11785.48
SBFC,Sbfc Finance,Financial Services,11784.74
AVANTIFEED,Avantifeed Feeds,Fast Moving Consumer Goods,11727.94
CANHLIFE,Canhlife HSBC,Financial Services,11655.52
TSFINV,Tsfinv Investments,Financial Services,11604.92
FINCABLES,Fincables Cables,Industrials,11593.58
SHRIPISTON,Shripiston Pistons,Consumer Discretionary,11590.87
IXIGO,Ixigo Travenues,Consumer Discretionary,11589.14
BLACKBUCK,Blackbuck https,Services,11588.39
J&KBANK,J&Kbank & K Bank,Financial Services,11565.77
ELECON,Elecon Engg.Co,Industrials,11545.26
JUBLINGREA,Jublingrea Ingrev.,Commodities,11491.24
TITAGARH,Titagarh Rail,Industrials,11451.85
ACE,Ace Const.Eq.,Industrials,11432.61
SHAILY,Shaily Engineer.,Industrials,11407.01
JYOTHYLAB,Jyothylab Labs,Fast Moving Consumer Goods,11381.81
EUREKAFORB,Eurekaforb Forbes,Consumer Discretionary,11369.67
TDPOWERSYS,Tdpowersys Power Systems,Industrials,11329.92
WAAREERTL,Waareertl Renewab.,Industrials,11323.73
FINPIPE,Finpipe Inds.,Industrials,11279.06
SCI,Sci C I,Services,11265.5
RUBICON,Rubicon Research,Healthcare,11184.49
SAFARI,Safari Inds.,Consumer Discretionary,11108.47
ALIVUS,Alivus Life,Healthcare,11066.06
GODREJAGRO,Godrejagro Agrovet,Fast Moving Consumer Goods,11045.39
NCC,Ncc https,Industrials,11021.93
ENGINERSIN,Enginersin India,Industrials,10999.22
RAILTEL,Railtel Corpn.,Telecommunication,10985.69
EMBDL,Embdl Develop,Consumer Discretionary,10978.2
SANOFICONR,Sanoficonr Consumer,Healthcare,10948.35
AZAD,Azad Engineering,Industrials,10934
OLECTRA,Olectra Greentec,Consumer Discretionary,10902.39
GRAPHITE,Graphite India,Industrials,10824.1
PVRINOX,Pvrinox Inox,Consumer Discretionary,10749
BSOFT,Bsoft Ltd,Information Technology,10631.83
EDELWEISS,Edelweiss Fin.,Financial Services,10582.35
GRINFRA,Grinfra R Infraproject,Industrials,10573.83
JINDALSAW,Jindalsaw Saw,Industrials,10495.94
UJJIVANSFB,Ujjivansfb Small,Financial Services,10495.08
INOXINDIA,Inoxindia India,Industrials,10434.19
VIKRAMSOLR,Vikramsolr Solar,Industrials,10408.79
SANOFI,Sanofi India,Healthcare,10393.89
VIJAYA,Vijaya Diagnost.,Healthcare,10332.67
HFCL,Hfcl https,Telecommunication,10329.72
HCG,Hcg Global,Healthcare,10196.72
RELAXO,Relaxo Footwear,Consumer Discretionary,10164.22
METROPOLIS,Metropolis Healt,Healthcare,10139.22
BANCOINDIA,Bancoindia Products,Consumer Discretionary,10127.34
TI,Ti Inds.,Fast Moving Consumer Goods,10123.1
GENUSPOWER,Genuspower Power,Industrials,10106.99
PRUDENT,Prudent Corp.,Financial Services,10075.12
VARROC,Varroc Engineer,Consumer Discretionary,10036.61
SONATSOFTW,Sonatsoftw Software,Information Technology,10026.87
SANSERA,Sansera Enginee.,Consumer Discretionary,10004.8
SOUTHBANK,Southbank Ind.Bank,Financial Services,9996.43
LATENTVIEW,Latentview View,Information Technology,9985.9
TTML,Ttml Tele. Mah.,Telecommunication,9952.54
JKLAKSHMI,Jklakshmi Lakshmi Cem.,Commodities,9879.09
SANDUMA,Sanduma Manganese,"Oil, Gas & Consumable Fuels",9854.28
TIMETECHNO,Timetechno Technoplast,Industrials,9741.91
CLEAN,Clean Science,Commodities,9737.89
HEG,Heg https,Industrials,9732.51
RKFORGE,Rkforge Forg.,Consumer Discretionary,9698.59
PGHL,Pghl & G Health Ltd,Healthcare,9694.36
SKFINDIA,Skfindia India,Industrials,9691.8
VESUVIUS,Vesuvius India,Industrials,9691.43
BLUEJET,Bluejet Jet Health,Healthcare,9629.17
NAZARA,Nazara Technolo.,Consumer Discretionary,9611.71
HAPPYFORGE,Happyforge Forgings,Industrials,9574.49
INDIASHLTR,Indiashltr SHELTE FIN,Financial Services,9558.75
RHIM,Rhim Magnesita,Industrials,9550.76
KRBL,Krbl https,Fast Moving Consumer Goods,9511.65
ASKAUTOLTD,Askautoltd Automotive,Consumer Discretionary,9496.34
JLHL,Jlhl Life Lin,Healthcare,9460.29
GRWRHITECH,Grwrhitech Hi Tech,Industrials,9435
ZEEL,Zeel Entertainmen,Consumer Discretionary,9415.98
THANGAMAYL,Thangamayl Jew.,Consumer Discretionary,9409.51
IIFLCAPS,Iiflcaps Capital,Financial Services,9394.94
ABFRL,Abfrl Bir. Fas.,Consumer Discretionary,9367.18
MMTC,Mmtc https,Services,9352.77
HONASA,Honasa Consumer,Fast Moving Consumer Goods,9336.4
MAPMYINDIA,Mapmyindia E. Info System,Information Technology,9322.94
ASTRAMICRO,Astramicro Microwave,Industrials,9274.67
MEDPLUS,Medplus Health,Consumer Discretionary,9197.54
TARIL,Taril R I L,Industrials,9154.86
TTKPRESTIG,Ttkprestig Prestige,Consumer Discretionary,9137.62
ORKLAINDIA,Orklaindia India,Fast Moving Consumer Goods,9127.67
ARVIND,Arvind Ltd,Consumer Discretionary,9121.51
APOLLO,Apollo Micro Sys,Industrials,9120.29
LUMAXTECH,Lumaxtech Auto Tech.,Consumer Discretionary,9100.82
BALRAMCHIN,Balramchin Chini,Fast Moving Consumer Goods,9093.68
STARCEMENT,Starcement Cement,Commodities,9081.68
GMRP&UI,Gmrp&Ui Urban,Utilities,9058.14
CUPID,Cupid https,Fast Moving Consumer Goods,9027.87
ALKYLAMINE,Alkylamine Amines,Commodities,8954.53
TEJASNET,Tejasnet Networks,Telecommunication,8918.3
KPIGREEN,Kpigreen Green Energy,Utilities,8867.55
BIRLACORPN,Birlacorpn Corpn.,Commodities,8805.25
TCI,Tci Corp.,Services,8783.54
BBOX,Bbox Box,Information Technology,8774.28
NESCO,Nesco https,Services,8710.32
ESABINDIA,Esabindia India,Industrials,8707.36
LLOYDSENT,Lloydsent Enterpris,Commodities,8698.22
MARKSANS,Marksans Pharma,Healthcare,8693.91
PGINVIT,Pginvit Infra.,Utilities,8691.4
TRANSRAILL,Transraill Light,Industrials,8683
WABAG,Wabag Tech Wabag,Utilities,8677.69
JSLL,Jsll Sikho,Healthcare,8603.97
BLUESTONE,Bluestone Jewel,Consumer Discretionary,8601.88
GPPL,Gppl Pipavav Port,Services,8598.45
WESTLIFE,Westlife Food,Consumer Discretionary,8574.93
PNGJL,Pngjl N Gadgil Jewe.,Consumer Discretionary,8571.98
INOXGREEN,Inoxgreen Green,Utilities,8548.85
SHAKTIPUMP,Shaktipump Pumps,Industrials,8510.71
V2RETAIL,V2Retail Retail,Consumer Discretionary,8503.48
ALOKINDS,Alokinds Industries,Consumer Discretionary,8440.96
RELIGARE,Religare Enterp.,Financial Services,8339.91
WEWORK,Wework India,Services,8317.44
MAHLIFE,Mahlife Life.,Consumer Discretionary,8313.33
LOTUSDEV,Lotusdev Lotus,Consumer Discretionary,8310.75
BORORENEW,Bororenew Renew.,Industrials,8278.1
STAR,Star Pharma,Healthcare,8246.35
SAPPHIRE,Sapphire Foods,Consumer Discretionary,8199.97
VOLTAMP,Voltamp Transform.,Industrials,8174.69
THYROCARE,Thyrocare Tech.,Healthcare,8152.32
RATEGAIN,Rategain Travel,Information Technology,8082.9
RCF,Rcf C F,Commodities,8076.72
SUDARSCHEM,Sudarschem Chem.,Commodities,8063.39
PGIL,Pgil Global Ind,Consumer Discretionary,8018.72
MTARTECH,Mtartech Technologie,Industrials,8010.74
CAMPUS,Campus Activewe.,Consumer Discretionary,7965.14
BECTORFOOD,Bectorfood Bectors,Fast Moving Consumer Goods,7956.01
TRIVENI,Triveni Engg.Ind.,Fast Moving Consumer Goods,7918.64
TMB,Tmb N Merc. Bank,Financial Services,7861.39
MANORAMA,Manorama Indust.,Fast Moving Consumer Goods,7850.68
PRICOLLTD,Pricolltd Ltd,Consumer Discretionary,7770.22
ETHOSLTD,Ethosltd Ltd,Consumer Discretionary,7770.14
PCJEWELLER,Pcjeweller Jeweller,Consumer Discretionary,7761.06
MAHSEAMLES,Mahseamles Seamless,Industrials,7673.72
TANLA,Tanla Platforms,Information Technology,7663.82
DIACABS,Diacabs Power,Industrials,7614.2
HAPPSTMNDS,Happstmnds Minds,Information Technology,7565.78
LLOYDSENGG,Lloydsengg Engineeri,Industrials,7555.08
KIRLFER,Kirlfer Ferrous,Commodities,7542.57
POWERMECH,Powermech Mech Proj.,Industrials,7499.3
MAXESTATES,Maxestates Estates,Consumer Discretionary,7489.1
GSFC,Gsfc S F C,Commodities,7476.46
THOMASCOOK,Thomascook Cook (I),Consumer Discretionary,7469.63
ATLANTAELE,Atlantaele Electric,Industrials,7424.38
KALPATARU,Kalpataru https,Consumer Discretionary,7358.36
WELENT,Welent Enterp,Industrials,7357.38
DBREALTY,Dbrealty Estate,Consumer Discretionary,7350.95
AJAXENGG,Ajaxengg Engineering,Industrials,7336.51
YATHARTH,Yatharth Hospit.,Healthcare,7321.79
GALAXYSURF,Galaxysurf Surfact.,Commodities,7313.39
EQUITASBNK,Equitasbnk Sma. Fin,Financial Services,7308.88
GNFC,Gnfc N F C,Commodities,7230.95
SAREGAMA,Saregama India,Consumer Discretionary,7221.98
DODLA,Dodla Dairy,Fast Moving Consumer Goods,7221.16
SHARDACROP,Shardacrop Cropchem,Commodities,7220.64
CERA,Cera Sanitary.,Consumer Discretionary,7213.48
CSBBANK,Csbbank Bank,Financial Services,7179.5
JAYNECOIND,Jaynecoind Neco,Industrials,7155.23
BALUFORGE,Baluforge Forge,Industrials,7151.07
KTKBANK,Ktkbank Bank,Financial Services,7137.02
GARFIBRES,Garfibres Tech.,Consumer Discretionary,7122.83
REDTAPE,Redtape https,Consumer Discretionary,7092.6
KIRLPNU,Kirlpnu Pneumatic,Industrials,7080.59
PRSMJOHNSN,Prsmjohnsn Johnson,Commodities,7050.63
IMFA,Imfa Metals,Commodities,7043.54
MASTEK,Mastek https,Information Technology,7031.97
OSWALPUMPS,Oswalpumps Pumps,Industrials,6995.48
INDIAGLYCO,Indiaglyco Glycols,Fast Moving Consumer Goods,6983.82
AVL,Avl Vision,Consumer Discretionary,6983.81
DBL,Dbl Buildcon,Industrials,6971.58
NETWORK18,Network18 Media,Consumer Discretionary,6945.17
ASHAPURMIN,Ashapurmin Minech.,Commodities,6935.4
IFBIND,Ifbind Industries,Consumer Discretionary,6877.57
GOKEX,Gokex Exports,Consumer Discretionary,6872.06
SHILPAMED,Shilpamed Medicare,Healthcare,6854.21
RAYMONDLSL,Raymondlsl Lifestyl,Consumer Discretionary,6837.42
RELINFRA,Relinfra Infra.,Utilities,6819.45
RUSTOMJEE,Rustomjee Realtor,Consumer Discretionary,6758.59
PNCINFRA,Pncinfra Infratech,Industrials,6714.89
ARVINDFASN,Arvindfasn Fashions.,Consumer Discretionary,6698.64
1285775,1285775 Pharma,Pharma,6697.85
MHRIL,Mhril Holiday,Consumer Discretionary,6684.28
GANESHHOU,Ganeshhou Housing,Consumer Discretionary,6683.85
FDC,Fdc https,Healthcare,6680.19
ACI,Aci Chemical,Commodities,6672.98
AKUMS,Akums Drugs,Healthcare,6631.01
MOIL,Moil https,Commodities,6625.54
AHLUCONT,Ahlucont Contr.,Industrials,6621.72
SFL,Sfl Foam,Consumer Discretionary,6617.29
HNDFDS,Hndfds Foods,Fast Moving Consumer Goods,6593.57
KOVAI,Kovai Medical,Healthcare,6549.39
AVALON,Avalon Tech,Industrials,6544.09
MIDHANI,Midhani Dhatu Nig,Industrials,6475.42
TIPSMUSIC,Tipsmusic Music,Consumer Discretionary,6445.93
UTLSOLAR,Utlsolar Power,Industrials,6401.85
EPL,Epl Ltd,Industrials,6367.19
JUSTDIAL,Justdial Dial,Consumer Discretionary,6363.96
SHREMINVIT,Shreminvit InvIT,Industrials,6352.78
VMART,Vmart Mart Retail,Consumer Discretionary,6338.38
GREENLAM,Greenlam Industr,Consumer Discretionary,6326.36
JAIBALAJI,Jaibalaji Balaji Inds.,Commodities,6311.18
AARTIPHARM,Aartipharm Pharma,Healthcare,6291.36
SMARTWORKS,Smartworks Cowor,Services,6286
JKPAPER,Jkpaper Paper,Commodities,6274.67
DYNAMATECH,Dynamatech Tech.,Industrials,6266.08
EPIGRAL,Epigral https,Commodities,6257.67
SUPRAJIT,Suprajit Engg.,Consumer Discretionary,6256.39
AXISCADES,Axiscades Tech.,Industrials,6254.77
ICIL,Icil Count Inds.,Consumer Discretionary,6249.73
ISGEC,Isgec Heavy,Industrials,6187.31
PRAJIND,Prajind Industries,Industrials,6152.18
PICCADIL,Piccadil Agro,Fast Moving Consumer Goods,6132.53
INDIGOPNTS,Indigopnts Paints,Consumer Discretionary,6114.75
SUNTECK,Sunteck Realty,Consumer Discretionary,6104.19
CRAMC,Cramc Robeco,Financial Services,6090.13
RTNINDIA,Rtnindia Ent,Consumer Discretionary,6066.75
QPOWER,Qpower Power El,Industrials,6053.89
SEQUENT,Sequent Scien.,Healthcare,6050.53
SUPRIYA,Supriya Lifesci.,Healthcare,5985.33
DCBBANK,Dcbbank Bank,Financial Services,5981.8
SYMPHONY,Symphony https,Consumer Discretionary,5978.57
RENUKA,Renuka Renuka Sugar,Fast Moving Consumer Goods,5957.59
FIEMIND,Fiemind Industries,Consumer Discretionary,5941.74
AURIONPRO,Aurionpro Sol.,Information Technology,5921.7
ICRA,Icra https,Financial Services,5908.86
PILANIINVS,Pilaniinvs Invest.,Financial Services,5894.28
GOKULAGRO,Gokulagro Agro,Fast Moving Consumer Goods,5864.48
CMSINFO,Cmsinfo Info Systems,Services,5837.91
PARAS,Paras Defence,Industrials,5812.79
GULFOILLUB,Gulfoillub Oil Lubric.,Energy,5794.56
LGBBROSLTD,Lgbbrosltd G Balakrishnan,Consumer Discretionary,5777.42
MASFIN,Masfin FINANC SER,Financial Services,5754.79
PURVA,Purva https,Consumer Discretionary,5743.92
ELLEN,Ellen Indl.Gas,Commodities,5722.53
GHCL,Ghcl https,Commodities,5715.91
BAJAJELEC,Bajajelec Electrical,Consumer Discretionary,5626.54
HGINFRA,Hginfra G. Infra Engg.,Industrials,5606.67
INFIBEAM,Infibeam Avenues,Financial Services,5604.13
SURYAROSNI,Suryarosni Roshni,Industrials,5603.83
DHANUKA,Dhanuka Agritech,Commodities,5594.14
PDSL,Pdsl https,Consumer Discretionary,5584.89
TIIL,Tiil Inds.,Industrials,5579.94
SUBROS,Subros https,Industrials,5545.99
KINGFA,Kingfa Science,Industrials,5522.39
SAATVIKGL,Saatvikgl Green,Industrials,5515.9
RAJESHEXPO,Rajeshexpo Exports,Consumer Discretionary,5504.31
SKIPPER,Skipper https,Industrials,5476.94
SWANDEF,Swandef Defence,Industrials,5458.13
SKYGOLD,Skygold Gold & Diam.,Consumer Discretionary,5448.12
RTNPOWER,Rtnpower Pow.,Utilities,5434.55
SJS,Sjs Enterprises,Consumer Discretionary,5425.25
VIPIND,Vipind I P Inds.,Consumer Discretionary,5395.83
JUNIPER,Juniper Hotels,Consumer Discretionary,5376.76
FEDFINA,Fedfina Financi.,Financial Services,5354.71
GMMPFAUDLR,Gmmpfaudlr Pfaudler,Industrials,5349.85
SWSOLAR,Swsolar & Wils.,Industrials,5334.35
SHARDAMOTR,Shardamotr Motor,Consumer Discretionary,5305.38
TEXRAIL,Texrail Rail,Industrials,5296.15
INDOTHAI,Indothai Thai Sec.,Financial Services,5291.45
KENNAMET,Kennamet India,Industrials,5251.37
SENCO,Senco Gold,Consumer Discretionary,5247.99
KSCL,Kscl Seed Co.,Fast Moving Consumer Goods,5244.73
INDUSINVIT,Indusinvit Inf. Trust,Services,5240.49
ORIANA,Oriana Power Ltd,Industrials,5238.79
KRN,Krn Heat Exchan,Industrials,5166.48
STLTECH,Stltech Tech.,Telecommunication,5164.15
STYL,Styl Tech.,Financial Services,5135.55
ZOTA,Zota Health Care,Healthcare,5111.35
ZAGGLE,Zaggle Prepaid,Information Technology,5103.85
DATAMATICS,Datamatics Glob.,Information Technology,5092.47
IONEXCHANG,Ionexchang Exchange,Utilities,5088.26
RESPONIND,Responind Ind,Consumer Discretionary,5078.77
LXCHEM,Lxchem Organic,Commodities,5069.3
GAEL,Gael Ambuja Exp,Fast Moving Consumer Goods,5043.26
EMUDHRA,Emudhra https,Information Technology,5035.13
TVSSCS,Tvsscs Supply,Services,5025.49
ITDC,Itdc T D C,Consumer Discretionary,5020.55
ASHOKA,Ashoka Buildcon,Industrials,5017.02
BANSALWIRE,Bansalwire Wire Inds,Industrials,5005.08
E2E,E2E E Networks,Information Technology,4987.45
UNIMECH,Unimech Aero.,Industrials,4982.19
MANINFRA,Maninfra Infra,Industrials,4969.15
SPICEJET,Spicejet https,Services,4963.12
NIITMTS,Niitmts Learning,Consumer Discretionary,4947.4
AGI,Agi Greenpac,Industrials,4925.44
IBULLSLTD,Ibullsltd https,Services,4885.85
PACEDIGITK,Pacedigitk Digitek,Telecommunication,4875
OPTIEMUS,Optiemus Infra.,Telecommunication,4867.45
RALLIS,Rallis India,Commodities,4863.67
SHILCTECH,Shilctech Tech.,Industrials,4849.84
CHEMPLASTS,Chemplasts Sanmar,Commodities,4845.51
SHREEJISPG,Shreejispg Ship. Gl,Services,4836.97
PTC,Ptc India,Utilities,4820.49
WEBELSOLAR,Webelsolar Energy,Industrials,4819.21
IRBINVIT,Irbinvit InvIT Fund,Services,4816.88
EMIL,Emil Mart,Consumer Discretionary,4812.38
CAPILLARY,Capillary Tech.,Information Technology,4810.26
RPEL,Rpel Product.,Industrials,4805.18
SHOPERSTOP,Shoperstop Stop,Consumer Discretionary,4796.39
GREAVESCOT,Greavescot Cotton,Industrials,4772.77
RSYSTEMS,Rsystems Systems Intl.,Information Technology,4765.6
JCHAC,Jchac Con. Hit,Consumer Discretionary,4763.69
CIGNITITEC,Cignititec Tech.,Information Technology,4755.36
NDRINVIT,Ndrinvit INVIT Trust,Services,4752.15
INDIQUBE,Indiqube Spaces,Services,4737.47
JSFB,Jsfb Small Finan,Financial Services,4734.92
INDRAMEDCO,Indramedco Medical,Healthcare,4729.62
VRLLOG,Vrllog Logistics,Services,4725.04
CRIZAC,Crizac https,Consumer Discretionary,4706.06
LUMAXIND,Lumaxind Industries,Consumer Discretionary,4688.92
ELECTCAST,Electcast Cast.,Industrials,4654.36
ANUP,Anup Anup Enginee,Industrials,4626.83
ENTERO,Entero Healthcar,Consumer Discretionary,4624.54
KNRCON,Knrcon Construct.,Industrials,4605.84
PRECWIRE,Precwire Wires (I),Industrials,4600.29
JKIL,Jkil Kumar Infra,Industrials,4581.54
DBCORP,Dbcorp B Corp,Consumer Discretionary,4565.86
SIS,Sis https,Consumer Discretionary,4564.2
BANARISUG,Banarisug Amm.Sug.,Fast Moving Consumer Goods,4563.57
SWARAJENG,Swarajeng Engines,Industrials,4552.29
VSTTILLERS,Vsttillers Till. Tract.,Industrials,4543.48
CARERATING,Carerating Ratings,Financial Services,4534.42
HUBTOWN,Hubtown https,Consumer Discretionary,4529.17
ARSSBL,Arssbl Rathi Shar,Financial Services,4514.26
GUJTHEM,Gujthem Themis Bio.,Healthcare,4497
SUNFLAG,Sunflag Iron,Industrials,4456.81
REFEX,Refex Industries,Commodities,4447.15
KITEX,Kitex Garments,Consumer Discretionary,4426.3
SPARC,Sparc https,Healthcare,4407.76
ARTEMISMED,Artemismed Medicare,Healthcare,4405.08
GOLDIAM,Goldiam Intl.,Consumer Discretionary,4402.65
ORCHPHARMA,Orchpharma Pharma,Healthcare,4398.35
SGMART,Sgmart Mart,Commodities,4397.42
MIDWESTLTD,Midwestltd https,Consumer Discretionary,4379.75
HCC,Hcc Construct.,Industrials,4370.41
INNOVACAP,Innovacap Captab,Healthcare,4354.27
BHARATRAS,Bharatras Rasayan,Commodities,4354.26
NFL,Nfl Fertilizer,Commodities,4346.53
HERITGFOOD,Heritgfood Foods,Fast Moving Consumer Goods,4287.79
VSTIND,Vstind Industries,Fast Moving Consumer Goods,4282.21
RAMKY,Ramky Infra,Industrials,4242.03
PARAGMILK,Paragmilk Milk Foods,Fast Moving Consumer Goods,4234.23
ROUTE,Route Mobile,Telecommunication,4219.9
JAMNAAUTO,Jamnaauto Auto Inds.,Consumer Discretionary,4217.01
CEIGALL,Ceigall India,Industrials,4203.71
UEL,Uel Energy,Utilities,4195.81
NORTHARC,Northarc ARC,Financial Services,4165.07
GOPAL,Gopal Snacks,Fast Moving Consumer Goods,4152.37
SANATHAN,Sanathan Textile,Consumer Discretionary,4144.74
INTERARCH,Interarch Build.,Industrials,4140.07
JTEKTINDIA,Jtektindia India,Consumer Discretionary,4131.76
HEIDELBERG,Heidelberg Cem.,Commodities,4110.34
AVANTEL,Avantel https,Industrials,4104.39
POCL,Pocl Oxides,Commodities,4092.23
MOSCHIP,Moschip Tech.,Information Technology,4065
AARTIDRUGS,Aartidrugs Drugs,Healthcare,4062.63
SAMHI,Samhi Hotels,Consumer Discretionary,4044.78
GUJALKALI,Gujalkali Alkalies,Commodities,4009.07
SUVEN,Suven Life Scie.,Healthcare,4004.7
VAIBHAVGBL,Vaibhavgbl Global,Consumer Discretionary,4004.7
SMLMAH,Smlmah Mahindra,Industrials,4000.27
TARC,Tarc Ltd,Consumer Discretionary,3988.89
HEMIPROP,Hemiprop Prop,Services,3943.66
BOROLTD,Boroltd https,Consumer Discretionary,3937.2
AJMERA,Ajmera Realty,Consumer Discretionary,3905.07
AWFIS,Awfis Space,Services,3898.35
ORIENTELEC,Orientelec Electric,Consumer Discretionary,3883.07
TRUALT,Trualt Bioenergy,Fast Moving Consumer Goods,3848.14
BALAMINES,Balamines Amines,Commodities,3823.44
VADILALIND,Vadilalind Inds.,Fast Moving Consumer Goods,3809.48
GOODLUCK,Goodluck India,Industrials,3803.79
MARATHON,Marathon Nextgen,Consumer Discretionary,3797.05
BAJAJCON,Bajajcon Consumer,Fast Moving Consumer Goods,3794.78
KIRLOSIND,Kirlosind Indus.,Industrials,3789.87
RAIN,Rain Industries,Commodities,3773.56
SENORES,Senores Pharma.,Healthcare,3761.12
DCAL,Dcal Carbogen,Healthcare,3738.25
EIEL,Eiel Infra,Utilities,3736.13
RPGLIFE,Rpglife LifeScience.,Healthcare,3725.47
EBGNG,Ebgng Electronics,Information Technology,3702.21
NACLIND,Naclind Industries,Commodities,3688.81
DPABHUSHAN,Dpabhushan P. Abhushan,Consumer Discretionary,3682.13
GRAUWEIL,Grauweil & Weil,Commodities,3679.44
UFLEX,Uflex https,Industrials,3665.8
MANGCHEFER,Mangchefer Chem.,Commodities,3659.31
CENTUM,Centum Electron,Industrials,3657.2
HARSHA,Harsha Engg Intl,Industrials,3646.77
ORIENTCEM,Orientcem Cement,Commodities,3639.31
SHANTIGEAR,Shantigear Gears,Industrials,3633.26
SHAREINDIA,Shareindia India Sec.,Financial Services,3627.79
WONDERLA,Wonderla Holiday,Consumer Discretionary,3611.11
TVSSRICHAK,Tvssrichak Srichakra,Consumer Discretionary,3603.96
EUROPRATIK,Europratik Pratik Sale,Consumer Discretionary,3603.96
GREENPLY,Greenply Industr,Consumer Discretionary,3603.63
RBA,Rba Brand,Consumer Discretionary,3600.33
MCLOUD,Mcloud Cloud,Information Technology,3594.67
STYRENIX,Styrenix Perfor.,Commodities,3577.26
SEITINVIT,Seitinvit Ener,Utilities,3564
ADVENZYMES,Advenzymes Enzyme,Healthcare,3556.33
MPSLTD,Mpsltd https,Consumer Discretionary,3544.18
GUFICBIO,Guficbio BioScience,Healthcare,3538.59
GKENERGY,Gkenergy Energy,Industrials,3534.6
LUXIND,Luxind Industries,Consumer Discretionary,3518.68
PSPPROJECT,Pspproject Projects,Industrials,3512.78
MBAPL,Mbapl B Agro Prod.,Commodities,3503.76
NSIL,Nsil Sons Invst,Financial Services,3498.15
JUBLCPL,Jublcpl Agri,Commodities,3491.97
SINDHUTRAD,Sindhutrad Trade,Services,3490.89
CYIENTDLM,Cyientdlm DLM,Industrials,3473.86
KOLTEPATIL,Koltepatil Patil Dev.,Consumer Discretionary,3470.67
NAVNETEDUL,Navnetedul Educat.,Consumer Discretionary,3465.35
SIYSIL,Siysil Silk,Consumer Discretionary,3460.28
MSTCLTD,Mstcltd https,Services,3458.67
MEDIASSIST,Mediassist Assist Ser.,Financial Services,3447.78
KSL,Ksl Steels,Industrials,3440.86
TATVA,Tatva Chintan,Commodities,3418.87
ROSSARI,Rossari Biotech,Commodities,3406.48
RAYMONDREL,Raymondrel Realty,Consumer Discretionary,3402.29
AGIIL,Agiil Infra,Consumer Discretionary,3395.24
63MOONS,63Moons Tech.,Information Technology,3392.07
MANINDS,Maninds Industries,Industrials,3375.89
STYLAMIND,Stylamind Industrie,Consumer Discretionary,3356.33
KMEW,Kmew Marine,Services,3351.19
PROTEAN,Protean eGov,Information Technology,3349.59
FOSECOIND,Fosecoind India,Commodities,3334.48
JINDWORLD,Jindworld Worldwide,Consumer Discretionary,3333.8
JISLJALEQS,Jisljaleqs Irrigation,Industrials,3328.93
UNIVCABLES,Univcables Cables,Industrials,3319.79
DHANI,Dhani Services,Financial Services,3316.86
MARINE,Marine Electric.,Industrials,3312.73
RAYMOND,Raymond https,Consumer Discretionary,3303.68
BBL,Bbl Bijlee,Industrials,3299.01
NEOGEN,Neogen Chemicals,Commodities,3274.15
UNICHEMLAB,Unichemlab Labs.,Healthcare,3274.13
PITTIENG,Pittieng Engg.,Industrials,3270.81
HLEGLAS,Hleglas Glascoat,Industrials,3268.67
VISHNU,Vishnu Chemicals,Commodities,3267.32
PRINCEPIPE,Princepipe Pipes,Industrials,3257.1
BALMLAWRIE,Balmlawrie Lawrie,Diversified,3250.13
BHAGCHEM,Bhagchem Chem.,Commodities,3249.53
GREENPANEL,Greenpanel Inds.,Consumer Discretionary,3238.52
SGLTL,Sgltl Glass,Industrials,3237.5
KIRIINDUS,Kiriindus Industries,Commodities,3209.76
SABTNL,Sabtnl Adhik. Bros.,Consumer Discretionary,3192.14
MAHLOG,Mahlog Logis.,Services,3187.12
FLAIR,Flair Writing,Fast Moving Consumer Goods,3167.66
KDDL,Kddl Ltd,Consumer Discretionary,3162.97
GLOBUSSPR,Globusspr Spirits,Fast Moving Consumer Goods,3158.02
PAISALO,Paisalo Digital,Financial Services,3148.77
KKCL,Kkcl Kir.Cloth.,Consumer Discretionary,3137.3
SANDHAR,Sandhar Tech,Consumer Discretionary,3131.76
QUESS,Quess Corp,Services,3127.22
SAMBHV,Sambhv Steel,Industrials,3121.46
EPACKPEB,Epackpeb PrefabTech,Industrials,3112.36
INDOSTAR,Indostar Capital,Financial Services,3111.48
SSWL,Sswl Str. Wheel,Consumer Discretionary,3111.08
NPST,Npst People,Information Technology,3104.7
KRISHANA,Krishana Phosch.,Commodities,3102.11
ARKADE,Arkade https,Consumer Discretionary,3097.42
DEEPINDS,Deepinds Industries,Energy,3071.67
DDEVPLSTIK,Ddevplstik Plastiks,Commodities,3070.9
BGRENERGY,Bgrenergy Energy Sys.,Industrials,3039.07
ASHIANA,Ashiana Housing,Consumer Discretionary,3033.48
ALPEXSOLAR,Alpexsolar Solar,Industrials,3027.23
BOMDYEING,Bomdyeing Dyeing,Consumer Discretionary,3008.88
PENIND,Penind Industrie,Industrials,2995.15
PREMEXPLN,Premexpln Explosives,Commodities,2990.37
TFCILTD,Tfciltd Fin. Corp.,Financial Services,2989.47
GATEWAY,Gateway Distri,Services,2987.86
GRMOVER,Grmover Overseas,Fast Moving Consumer Goods,2986.31
BRIGHOTEL,Brighotel Hotel,Consumer Discretionary,2984.8
SANGHVIMOV,Sanghvimov Movers,Services,2970.41
ORISSAMINE,Orissamine Minerals,Commodities,2965.1
PARKHOTELS,Parkhotels Surrend.,Consumer Discretionary,2963.11
SIRCA,Sirca Paints,Consumer Discretionary,2962.6
CARRARO,Carraro India,Consumer Discretionary,2944.65
JASH,Jash Engineering,Industrials,2934.5
TIRUMALCHM,Tirumalchm Chem.,Commodities,2921.28
RELTD,Reltd Energy,Industrials,2909.21
POKARNA,Pokarna https,Consumer Discretionary,2908.32
CAMLINFINE,Camlinfine Fine,Commodities,2903.51
MUTHOOTMF,Muthootmf Microfin,Financial Services,2898.03
VEEDOL,Veedol Corporat,Energy,2893.94
PATELENG,Pateleng Engineerin,Industrials,2890.3
GOCOLORS,Gocolors Fashion (I),Consumer Discretionary,2888.43
SAGCEM,Sagcem Cements,Commodities,2887.09
UTKARSHBNK,Utkarshbnk Small F.,Financial Services,2882.9
HINDWAREAP,Hindwareap Home In,Consumer Discretionary,2861.77
RAMCOIND,Ramcoind Inds.,Commodities,2849.77
SUNDROP,Sundrop Brands,Fast Moving Consumer Goods,2840.1
RAMRAT,Ramrat Ratna Wires,Industrials,2839.51
NOCIL,Nocil https,Commodities,2835.57
FMGOETZE,Fmgoetze Mogul Go,Consumer Discretionary,2834.72
CARYSIL,Carysil https,Consumer Discretionary,2822.6
NRBBEARING,Nrbbearing Bearings,Consumer Discretionary,2816.6
FCL,Fcl Chem,Commodities,2816.35
SAKSOFT,Saksoft https,Information Technology,2809.99
TCPLPACK,Tcplpack Packaging,Industrials,2807.11
ROLEXRINGS,Rolexrings Rings,Consumer Discretionary,2792.29
WSTCSTPAPR,Wstcstpapr Coast Paper,Commodities,2788.63
MAITHANALL,Maithanall Alloys,Commodities,2781.4
YATRA,Yatra Online,Consumer Discretionary,2780.44
IMAGICAA,Imagicaa Enter.,Consumer Discretionary,2780.07
HPL,Hpl Electric,Industrials,2777.96
TEAMLEASE,Teamlease Lease Serv.,Services,2774.5
HIKAL,Hikal https,Healthcare,2771.83
VIKRAN,Vikran Engg.,Industrials,2769.44
PRABHA,Prabha Energy,Energy,2755.3
ROADSTAR,Roadstar Infra,Services,2732.86
VIMTALABS,Vimtalabs Labs,Healthcare,2723.73
POLYPLEX,Polyplex Corpn,Industrials,2722.99
VSSL,Vssl Special,Industrials,2711.89
ARVSMART,Arvsmart SmartSp.,Consumer Discretionary,2703.63
EFCIL,Efcil I),Services,2688.52
EASEMYTRIP,Easemytrip Trip Plann.,Consumer Discretionary,2684.06
SUNCLAY,Sunclay Clayton,Consumer Discretionary,2683.66
RPSGVENT,Rpsgvent Ventures,Services,2682.15
IOLCP,Iolcp Chemicals,Healthcare,2656.36
VENUSPIPES,Venuspipes Pipes,Industrials,2654.52
KRSNAA,Krsnaa Diagnost.,Healthcare,2653.97
KPEL,Kpel P. Energy,Utilities,2653.6
FISCHER,Fischer Medical,Healthcare,2647.11
BAJAJHIND,Bajajhind Hindusthan,Fast Moving Consumer Goods,2646.7
ROSSTECH,Rosstech Techsys,Industrials,2644.54
SMSPHARMA,Smspharma Pharma.,Healthcare,2641.91
GIPCL,Gipcl Inds. Power,Utilities,2629
BCG,Bcg Group,Information Technology,2621.27
REPCOHOME,Repcohome Home Fin,Financial Services,2579.37
SOLARWORLD,Solarworld Ene.,Industrials,2564.1
DALMIASUG,Dalmiasug Bharat,Fast Moving Consumer Goods,2545.97
KALAMANDIR,Kalamandir Silks,Consumer Discretionary,2544.59
JAICORPLTD,Jaicorpltd Corp,Industrials,2543.07
SBCL,Sbcl Bimetal,Industrials,2542.16
ALEMBICLTD,Alembicltd https,Consumer Discretionary,2529.31
EMSLIMITED,Emslimited https,Utilities,2524.95
SOTL,Sotl Oil Tech,Energy,2513.61
TAJGVK,Tajgvk Hotels,Consumer Discretionary,2512.45
HIRECT,Hirect Rectifiers,Industrials,2499.75
JTLIND,Jtlind Industries,Industrials,2498.2
EPACK,Epack Durable,Consumer Discretionary,2492.36
UGROCAP,Ugrocap Capital,Financial Services,2490.29
HONDAPOWER,Hondapower India,Industrials,2488.4
NUCLEUS,Nucleus Soft.,Information Technology,2474.91
LAOPALA,Laopala Opala RG,Consumer Discretionary,2469.41
DIAMONDYD,Diamondyd Snacks,Fast Moving Consumer Goods,2456.51
MTNL,Mtnl T N L,Telecommunication,2455.79
SHK,Shk H Kelkar & Co.,Commodities,2453.95
WINDMACHIN,Windmachin Machines,Industrials,2453.78
BFUTILITIE,Bfutilitie Utilities,Services,2435.8
AUTOAXLES,Autoaxles Axles,Consumer Discretionary,2435.69
MONARCH,Monarch Networth,Financial Services,2431.29
CAPACITE,Capacite Infra.,Industrials,2414.98
DREDGECORP,Dredgecorp Corpn.,Services,2413.19
FILATEX,Filatex India,Consumer Discretionary,2405.66
MOREPENLAB,Morepenlab Labs.,Healthcare,2402.44
XPROINDIA,Xproindia India,Industrials,2398.54
SOLARA,Solara Active,Healthcare,2395.12
EVEREADY,Eveready Inds.,Fast Moving Consumer Goods,2392.95
PRAKASH,Prakash Industri,Commodities,2385.84
INDOCO,Indoco Remedies,Healthcare,2377.8
GVPIL,Gvpil Power,Industrials,2361.8
TCIEXP,Tciexp Express,Services,2353.51
GMBREW,Gmbrew M Breweries,Fast Moving Consumer Goods,2351.17
SHALBY,Shalby https,Healthcare,2347.87
JINDALPOLY,Jindalpoly Poly Film,Industrials,2330.12
HGS,Hgs Global,Services,2329.46
WAAREEINDO,Waareeindo https,Industrials,2316.91
AEROFLEX,Aeroflex https,Industrials,2315.8
FINOPB,Finopb Payments,Financial Services,2313.89
HATHWAY,Hathway Cable,Consumer Discretionary,2308.24
ADFFOODS,Adffoods Foods,Fast Moving Consumer Goods,2304.79
KICL,Kicl Invest.,Financial Services,2301.73
KCP,Kcp C P,Commodities,2300.75
BEPL,Bepl Engg.,Commodities,2296.98
SUMMITSEC,Summitsec Securitie,Financial Services,2296.1
SIMPLEXINF,Simplexinf Infra,Industrials,2285.09
WEL,Wel Electric.,Consumer Discretionary,2281.4
SEAMECLTD,Seamecltd Ltd,Services,2269.81
RAMCOSYS,Ramcosys Systems,Information Technology,2267.13
SDBL,Sdbl Distilleries,Fast Moving Consumer Goods,2265.19
SANGAMIND,Sangamind India,Consumer Discretionary,2258.59
PFS,Pfs India Fin,Financial Services,2257.62
ANZEN,Anzen IYEP Trust,Utilities,2256.23
LANDMARK,Landmark Cars,Consumer Discretionary,2255.99
ANANTAM,Anantam Highways,Services,2252.89
SCILAL,Scilal Land,Financial Services,2249.34
GANECOS,Ganecos Ecosphe.,Consumer Discretionary,2246.3
MBEL,Mbel & B Engineer.,Industrials,2244.23
RAJRATAN,Rajratan Global,Consumer Discretionary,2219.25
SYSTMTXC,Systmtxc Corp.,Financial Services,2216.17
STEELCAS,Steelcas https,Industrials,2210.47
MAYURUNIQ,Mayuruniq Uniquoters,Consumer Discretionary,2199.7
SGFIN,Sgfin Finserve,Financial Services,2195.55
NILKAMAL,Nilkamal Ltd,Consumer Discretionary,2193.6
EIHAHOTELS,Eihahotels Assoc.Hotels,Consumer Discretionary,2192.24
KERNEX,Kernex Microsys.,Services,2178.52
STYLEBAAZA,Stylebaaza Style,Consumer Discretionary,2176.59
SHRINGARMS,Shringarms House,Consumer Discretionary,2170.23
STUDDS,Studds Accessor.,Consumer Discretionary,2168.55
SERVOTECH,Servotech Renew,Industrials,2168.11
UNIPARTS,Uniparts India,Consumer Discretionary,2165.45
RPTECH,Rptech Peripheral,Information Technology,2164.47
RML,Rml Madras),Consumer Discretionary,2161.66
DIGITIDE,Digitide Solutio,Information Technology,2153.79
TVSINVIT,Tvsinvit Infra. Trust,Services,2149.48
SPANDANA,Spandana Sphoort,Financial Services,2147.09
TASTYBITE,Tastybite Bite Eat.,Fast Moving Consumer Goods,2133.02
PANACEABIO,Panaceabio Biotec,Healthcare,2110.22
INSECTICID,Insecticid India,Commodities,2107.68
APCOTEXIND,Apcotexind Industri,Industrials,2104.75
DCXINDIA,Dcxindia Systems,Industrials,2095.01
WHEELS,Wheels India,Consumer Discretionary,2093.92
MOLDTKPAC,Moldtkpac Tek Pack.,Industrials,2091.43
BAJEL,Bajel Projects,Industrials,2089.35
CANTABIL,Cantabil Retail,Consumer Discretionary,2083.84
DOLLAR,Dollar Industrie,Consumer Discretionary,2082.58
IDEAFORGE,Ideaforge Tech,Industrials,2074.69
HITECH,Hitech Tech Pipes,Industrials,2069.72
SOLEX,Solex Energy,Industrials,2067.82
VINCOFE,Vincofe Coffee,Services,2066.96
SASKEN,Sasken Technol.,Information Technology,2058.21
ORIENTHOT,Orienthot Hotels,Consumer Discretionary,2057.92
GOODYEAR,Goodyear India,Consumer Discretionary,2054.39
NOVARTIND,Novartind India,Healthcare,2052.06
STOVEKRAFT,Stovekraft Kraft,Consumer Discretionary,2046.02
RANEHOLDIN,Raneholdin Holdings,Financial Services,2042.44
SULA,Sula Vineyards,Fast Moving Consumer Goods,2035.61
AIMTRON,Aimtron https,Industrials,2028.32
GEOJITFSL,Geojitfsl Fin. Ser.,Financial Services,2027.25
IPL,Ipl Pesticides,Commodities,2019.05
VERANDA,Veranda Learning,Consumer Discretionary,2014.79
AMRUTANJAN,Amrutanjan Healt,Healthcare,2014.19
NDRAUTO,Ndrauto Auto Compon.,Consumer Discretionary,2009.4
YASHO,Yasho Industries,Commodities,1989.22
SPAL,Spal P Apparels,Consumer Discretionary,1984.5
PIXTRANS,Pixtrans Transmission,Industrials,1983.3
INDIANHUME,Indianhume Hume Pipe,Industrials,1979.03
RMDRIP,Rmdrip M Drip & Sprin,Industrials,1975.42
ACCELYA,Accelya Solution,Information Technology,1970.12
NITCO,Nitco https,Consumer Discretionary,1966.38
GARUDA,Garuda Cons,Industrials,1959.54
MOBIKWIK,Mobikwik Mobikwik,Financial Services,1958.14
DCW,Dcw https,Commodities,1956.62
MANGLMCEM,Manglmcem Cement,Commodities,1948.31
CAPINVIT,Capinvit Infra,Industrials,1947.58
MUFIN,Mufin Green,Financial Services,1945.65
BLSE,Blse E-Services,Information Technology,1944.26
GENESYS,Genesys Intl.,Information Technology,1942.15
NELCO,Nelco https,Information Technology,1932.97
MSPL,Mspl Steel & Pow.,Industrials,1920.35
COSMOFIRST,Cosmofirst First,Industrials,1917.29
HINDOILEXP,Hindoilexp Oil Explor.,Energy,1907.24
INDNIPPON,Indnippon Nipp.Elec.,Consumer Discretionary,1899.66
TIL,Til https,Industrials,1895.83
MUKANDLTD,Mukandltd https,Commodities,1886.8
DIVGIITTS,Divgiitts Torq,Consumer Discretionary,1885.64
ADOR,Ador Welding,Industrials,1880.69
NITINSPIN,Nitinspin Spinners,Consumer Discretionary,1880.56
VENKEYS,Venkeys India),Fast Moving Consumer Goods,1870.47
DELTACORP,Deltacorp Corp,Consumer Discretionary,1845.57
ASTEC,Astec Lifescienc,Commodities,1842.14
RHETAN,Rhetan TMT Ltd,Industrials,1840.81
VIDHIING,Vidhiing Specialty,Commodities,1837.97
THEJO,Thejo Engg.,Industrials,1837.28
PANAMAPET,Panamapet Petrochem,Energy,1830.88
ASALCBR,Asalcbr Alcohols,Fast Moving Consumer Goods,1815.55
VMARCIND,Vmarcind Marc India,Industrials,1813.84
INDOTECH,Indotech Tech.Trans.,Industrials,1811.47
VINDHYATEL,Vindhyatel Telelink,Telecommunication,1808.17
SALASAR,Salasar Techno,Industrials,1805.65
SPECTRUM,Spectrum Electr.,Industrials,1800.43
ALLTIME,Alltime Time Plastic,Consumer Discretionary,1797.32
SOMANYCERA,Somanycera Ceramics,Consumer Discretionary,1796.74
HMT,Hmt https,Industrials,1789.27
ARMANFIN,Armanfin Financial,Financial Services,1783.57
SPIC,Spic P I C,Commodities,1776.15
MOL,Mol Organi.,Commodities,1773.34
COOLCAPS,Coolcaps Caps,Industrials,1762.9
DYCL,Dycl Cables,Industrials,1739.73
SANSTAR,Sanstar https,Fast Moving Consumer Goods,1738.71
TAC,Tac Infosec,Information Technology,1734.9
TALBROAUTO,Talbroauto Auto.,Consumer Discretionary,1724.41
SUMEETINDS,Sumeetinds Industrie,Consumer Discretionary,1717.84
GTLINFRA,Gtlinfra Infra.,Telecommunication,1716.53
MONTECARLO,Montecarlo Carlo Fas.,Consumer Discretionary,1710.37
ANTELOPUS,Antelopus Selan,Energy,1706.78
PRECAM,Precam Camshf,Consumer Discretionary,1700.37
JINDRILL,Jindrill Drilling,Energy,1697.15
