Symbol,Type,Sector,Name,Mar Cap
RELIANCE,A,Energy,Reliance Industr,2092931.64
HDFCBANK,A,Financial Services,Hdfcbank Bank,1535054.85
BHARTIARTL,A,Telecommunication,Bhartiartl Airtel,1296562.96
TCS,A,Information Technology,Tcs https,1139570.4
ICICIBANK,A,Financial Services,Icicibank Bank,978982.69
SBIN,A,Financial Services,Sbin https,897632.69
INFY,A,Information Technology,Infy https,641750.59
BAJFINANCE,A,Financial Services,Bajfinance Finance,624860.15
HINDUNILVR,A,Fast Moving Consumer Goods,Hindunilvr Unilever,571655.24
LICI,A,Financial Services,Lici Insurance,570767.79
LT,A,Industrials,Lt & Toubro,553616.41
ITC,A,Fast Moving Consumer Goods,Itc https,510922.66
MARUTI,A,Consumer Discretionary,Maruti Suzuki,502371.87
M&M,A,Consumer Discretionary,M&M & M,466361.4
HCLTECH,A,Information Technology,Hcltech Technologies,436370.6
SUNPHARMA,A,Healthcare,Sunpharma Pharma.Inds.,426901.56
KOTAKBANK,A,Financial Services,Kotakbank Mah. Bank,415528.64
AXISBANK,A,Financial Services,Axisbank Bank,395952.07
TITAN,A,Consumer Discretionary,Titan Company,346716.09
ULTRACEMCO,A,Commodities,Ultracemco Cem.,345579.21
BAJAJFINSV,A,Financial Services,Bajajfinsv Finserv,327841.32
ADANIPORTS,A,Services,Adaniports Ports,319700.24
NTPC,A,Utilities,Ntpc https,316596.2
ADANIENT,A,Commodities,Adanient Enterp.,313216.1
ONGC,A,Energy,Ongc N G C,310670
HAL,A,Industrials,Hal Aeronautics,307344.47
BEL,A,Industrials,Bel Electron,304342.64
ETERNAL,A,Consumer Discretionary,Eternal Ltd,291491
ADANIPOWER,A,Utilities,Adanipower Power,287592.36
JSWSTEEL,A,Commodities,Jswsteel Steel,278914.71
ASIANPAINT,A,Consumer Discretionary,Asianpaint Paints,275985.56
DMART,A,Consumer Discretionary,Dmart Super.,262868.97
POWERGRID,A,Utilities,Powergrid Grid Corpn,258091.66
WIPRO,A,Information Technology,Wipro https,256393.51
BAJAJ-AUTO,A,Consumer Discretionary,Bajaj-Auto Auto,248198.39
NESTLEIND,A,Fast Moving Consumer Goods,Nestleind India,246698.86
IOC,A,Energy,Ioc O C L,236388.98
COALINDIA,A,Energy,Coalindia India,233043.69
INDIGO,A,Services,Indigo Aviat,225851.22
TATASTEEL,A,Commodities,Tatasteel Steel,209735.42
SBILIFE,A,Financial Services,Sbilife Life Insuran,202727.12
EICHERMOT,A,Consumer Discretionary,Eichermot Motors,195733.13
VEDL,A,Commodities,Vedl https,194130.7
HINDZINC,A,Commodities,Hindzinc Zinc,193646.37
JIOFIN,A,Financial Services,Jiofin Financial,192853.94
HYUNDAI,A,Consumer Discretionary,Hyundai Motor I,189838.02
GRASIM,A,Commodities,Grasim Inds,186176.34
DLF,A,Consumer Discretionary,Dlf https,179643.69
LTIM,A,Information Technology,Ltim https,175772.43
HINDALCO,A,Commodities,Hindalco Inds.,174810.52
ADANIGREEN,A,Utilities,Adanigreen Green,169853.67
DIVISLAB,A,Healthcare,Divislab Lab.,169149.1
HDFCLIFE,A,Financial Services,Hdfclife Life Insur.,164599.47
TVSMOTOR,A,Consumer Discretionary,Tvsmotor Motor Co.,163548.38
BPCL,A,Energy,Bpcl P C L,158181.88
IRFC,A,Financial Services,Irfc R F C,155606.92
SHRIRAMFIN,A,Financial Services,Shriramfin Finance,155026.46
TRENT,A,Consumer Discretionary,Trent https,154962.3
VBL,A,Fast Moving Consumer Goods,Vbl Beverages,151445.04
PIDILITIND,A,Commodities,Pidilitind Inds.,149797.56
BANKBARODA,A,Financial Services,Bankbaroda of Baroda,146944.25
MUTHOOTFIN,A,Financial Services,Muthootfin Finance,145881.22
TECHM,A,Information Technology,Techm Mahindra,143108.6
PNB,A,Financial Services,Pnb Natl.Bank,140650.51
CHOLAFIN,A,Financial Services,Cholafin Inv.&Fn,140196.15
BRITANNIA,A,Fast Moving Consumer Goods,Britannia Inds.,140014.33
AMBUJACEM,A,Commodities,Ambujacem Cements,135344.69
TATACAP,A,Financial Services,Tatacap Capital,134562.14
TMPV,A,Consumer Discretionary,Tmpv Motors PVeh,133410.99
CANBK,A,Financial Services,Canbk Bank,132303.37
BAJAJHLDNG,A,Financial Services,Bajajhldng Holdings,129544.42
TORNTPHARM,A,Healthcare,Torntpharm Pharma.,124884.8
SOLARINDS,A,Commodities,Solarinds Industries,124558.72
TATAPOWER,A,Utilities,Tatapower Power Co.,123691.51
CIPLA,A,Healthcare,Cipla https,122138.82
PFC,A,Financial Services,Pfc Fin.Corpn.,121988.4
GAIL,A,Energy,Gail India),120487.71
CUMMINSIND,A,Industrials,Cumminsind India,120115.09
HEROMOTOCO,A,Consumer Discretionary,Heromotoco Motocorp,120081.97
TMCV,A,Industrials,Tmcv Motors,119473.88
ENRIN,A,Industrials,Enrin Ener.Ind,118694.95
LODHA,A,Consumer Discretionary,Lodha Developers,117371.13
TATACONSUM,A,Fast Moving Consumer Goods,Tataconsum Consumer,117172.81
ADANIENSOL,A,Utilities,Adaniensol Energy Sol,117118.71
BSE,A,Financial Services,Bse https,116251.08
MOTHERSON,A,Consumer Discretionary,Motherson Mothe.,115836.07
HDFCAMC,A,Financial Services,Hdfcamc AMC,115530.84
UNIONBANK,A,Financial Services,Unionbank Bank (I),115251.18
GODREJCP,A,Fast Moving Consumer Goods,Godrejcp Consumer,115069.13
MAXHEALTH,A,Healthcare,Maxhealth Healthcare,114944.86
INDIANB,A,Financial Services,Indianb Bank,114630.46
POLYCAB,A,Industrials,Polycab India,113310.99
SIEMENS,A,Industrials,Siemens https,113072.85
CGPOWER,A,Industrials,Cgpower Power & Ind,111849.53
LGEINDIA,A,Consumer Discretionary,Lgeindia Electronics,111484.88
MAZDOCK,A,Industrials,Mazdock Dock,110765.24
GMRAIRPORT,A,Services,Gmrairport Airports,109866.14
ABB,A,Industrials,Abb B B,108095.91
IDEA,A,Telecommunication,Idea Idea,108018.01
IDBI,A,Financial Services,Idbi Bank,107729.68
BOSCHLTD,A,Consumer Discretionary,Boschltd https,107590.81
INDUSTOWER,A,Telecommunication,Industower Towers,106988.99
APOLLOHOSP,A,Healthcare,Apollohosp Hospitals,106297.02
JINDALSTEL,A,Commodities,Jindalstel Steel,105901.79
INDHOTEL,A,Consumer Discretionary,Indhotel Hotels Co,104401.64
DRREDDY,A,Healthcare,Drreddy Reddy's Labs,103897.58
UNITDSPR,A,Fast Moving Consumer Goods,Unitdspr Spirits,103840.57
HINDPETRO,A,Energy,Hindpetro P C L,100359.45
ICICIGI,A,Financial Services,Icicigi Lombard,99782.57
PERSISTENT,A,Information Technology,Persistent Systems,99365.62
BHEL,A,Industrials,Bhel H E L,98368.29
GROWW,A,Financial Services,Groww https,97500.04
SWIGGY,A,Consumer Discretionary,Swiggy https,96275.84
POWERINDIA,A,Industrials,Powerindia Energy,96104.53
MARICO,A,Fast Moving Consumer Goods,Marico https,96099.53
SHREECEM,A,Commodities,Shreecem Cement,95560.95
RECLTD,A,Financial Services,Recltd Ltd,94309.04
ZYDUSLIFE,A,Healthcare,Zyduslife Lifesci.,93046.31
LUPIN,A,Healthcare,Lupin https,92697.6
MANKIND,A,Healthcare,Mankind Pharma,92645.93
WAAREEENER,A,Industrials,Waareeener Energies,91669.06
DABUR,A,Fast Moving Consumer Goods,Dabur India,91469.04
DIXON,A,Consumer Discretionary,Dixon Technolog.,90777.95
HAVELLS,A,Consumer Discretionary,Havells India,90362.79
ICICIPRULI,A,Financial Services,Icicipruli Pru Life,88379.11
BAJAJHFL,A,Financial Services,Bajajhfl Housing,87980.73
BHARTIHEXA,A,Telecommunication,Bhartihexa Hexacom,87924.3
NAUKRI,A,Consumer Discretionary,Naukri Edg.(India),86974.81
ABCAPITAL,A,Financial Services,Abcapital Birla Cap,85159.33
ASHOKLEY,A,Industrials,Ashokley Leyland,84953.95
JSWENERGY,A,Utilities,Jswenergy Energy,84671.35
SRF,A,Commodities,Srf https,84125.42
POLICYBZR,A,Financial Services,Policybzr Fintech.,83665.42
SBICARD,A,Financial Services,Sbicard Cards,83612.81
NTPCGREEN,A,Utilities,Ntpcgreen Green Ene.,81844.94
PAYTM,A,Financial Services,Paytm https,80930.64
NHPC,A,Utilities,Nhpc Ltd,79194.73
NYKAA,A,Consumer Discretionary,Nykaa E-Commerce,77109.4
SUZLON,A,Industrials,Suzlon Energy,74957.43
IOB,A,Financial Services,Iob O B,74813
GVT&D,A,Industrials,Gvt&D Vernova T&D,74392.97
UNOMINDA,A,Consumer Discretionary,Unominda Minda,74273.6
PRESTIGE,A,Consumer Discretionary,Prestige Estates,72701.29
LENSKART,A,Consumer Discretionary,Lenskart Solut.,72430.85
LTF,A,Financial Services,Ltf Finance Ltd,72189.79
OFSS,A,Information Technology,Ofss Fin.Serv.,71088.49
AUROPHARMA,A,Healthcare,Auropharma Pharma,70620.33
YESBANK,A,Financial Services,Yesbank Bank,70343.91
FORTIS,A,Healthcare,Fortis Health.,69520.5
OIL,A,Energy,Oil India,69146.89
AUBANK,A,Financial Services,Aubank Small Finance,68320.75
ALKEM,A,Healthcare,Alkem Lab,68123.96
BERGEPAINT,A,Consumer Discretionary,Bergepaint Paints,67557.98
BHARATFORG,A,Consumer Discretionary,Bharatforg Forge,67443.55
IDFCFIRSTB,A,Financial Services,Idfcfirstb First Bank,67318.21
ATGL,A,Energy,Atgl Total Gas,66786.21
GICRE,A,Financial Services,Gicre Insuranc,66606.66
COROMANDEL,A,Commodities,Coromandel Inter,66502.74
BANKINDIA,A,Financial Services,Bankindia of India,66254.5
INDUSINDBK,A,Financial Services,Indusindbk Bank,65948.7
RVNL,A,Industrials,Rvnl Vikas,65469.63
TORNTPOWER,A,Utilities,Torntpower Power,65101.36
LLOYDSME,A,Commodities,Lloydsme Metals,64671.64
MRF,A,Consumer Discretionary,Mrf https,64641.85
NMDC,A,Commodities,Nmdc https,64637.33
UPL,A,Commodities,Upl https,63328.58
GODREJPROP,A,Consumer Discretionary,Godrejprop Propert.,63010.38
PATANJALI,A,Fast Moving Consumer Goods,Patanjali Foods,62969.39
ABBOTINDIA,A,Healthcare,Abbotindia India,62925.26
JSL,A,Commodities,Jsl Stain.,62110.33
SCHAEFFLER,A,Consumer Discretionary,Schaeffler India,62078.68
HDBFS,A,Financial Services,Hdbfs FINANC SER,61242.39
VMM,A,Consumer Discretionary,Vmm Mega Mart,61180.74
PHOENIXLTD,A,Consumer Discretionary,Phoenixltd Mills,60689.1
FEDERALBNK,A,Financial Services,Federalbnk Bank,60333.5
OBEROIRLTY,A,Consumer Discretionary,Oberoirlty Realty,60300.12
COFORGE,A,Information Technology,Coforge https,60172.8
COLPAL,A,Fast Moving Consumer Goods,Colpal Palmoliv,59286.07
MFSL,A,Financial Services,Mfsl Financial,57244.43
FACT,A,Commodities,Fact A C T,57145.72
MOTILALOFS,A,Financial Services,Motilalofs Oswal.Fin.,56967.11
JSWINFRA,A,Services,Jswinfra Infrast,56679.04
NAM-INDIA,A,,Nam-India Life Ind.,56144.47
TIINDIA,A,,Tiindia Investments,55862.17
BDL,A,,Bdl Dynamics,55460.59
SAIL,A,,Sail A I L,55398.12
IRCTC,A,,Irctc R C T C,55224.14
TATACOMM,A,,Tatacomm Comm,54737.09
BIOCON,A,,Biocon https,53043.98
KRT,A,,Krt Realty,52854.15
LAURUSLABS,A,,Lauruslabs Labs,52800.33
MPHASIS,A,,Mphasis https,52288.41
SUNDARMFIN,A,,Sundarmfin Finance,52266.14
PIIND,A,,Piind I Industries,52002.13
GLENMARK,A,,Glenmark Pharma.,51943.9
KALYANKJIL,A,,Kalyankjil Jewellers,51266.16
LINDEINDIA,A,,Lindeindia India,50905.58
MCX,A,,Mcx Comm. Exc.,49381.97
APLAPOLLO,A,,Aplapollo Apollo Tubes,47968.56
M&MFIN,A,,M&Mfin & M Fin. Serv.,47613.46
VOLTAS,A,,Voltas https,46199.62
360ONE,A,,360One https,46134.27
HUDCO,A,,Hudco U D C O,46038
NATIONALUM,A,,Nationalum Aluminium,46008.54
UBL,A,,Ubl Breweries,45660.12
AIIL,A,,Aiil Invest,45335.6
LTTS,A,,Ltts Technology,45250.49
MAHABANK,A,,Mahabank of Maha,45126.49
GODFRYPHLP,A,,Godfryphlp Phillips,45055.24
BALKRISIND,A,,Balkrisind Inds,44873.09
PREMIERENE,A,,Premierene Energies,44846.16
COCHINSHIP,A,,Cochinship Shipyard,44681.2
SUPREMEIND,A,,Supremeind Inds.,44134.52
RADICO,A,,Radico Khaitan,43799.3
HEXT,A,,Hext Tech.,43596.29
JKCEMENT,A,,Jkcement K Cements,43461.8
ITCHOTELS,A,,Itchotels Hotels,43458.69
PAGEIND,A,,Pageind Industries,43400.88
GLAXO,A,,Glaxo Pharma,42320.15
PGHH,A,,Pghh & G Hygiene,41780.83
NH,A,,Nh Hrudaya,41716.73
PETRONET,A,,Petronet LNG,41272.5
EMBASSY,A,,Embassy Off.REIT,41009.52
IREDA,A,,Ireda Renewable,40565.35
ESCORTS,A,,Escorts Kubota,40446.77
3MINDIA,A,,3Mindia India,40017
KAYNES,A,,Kaynes Tech,39461
KEI,A,,Kei Industries,39052.92
ASTRAL,A,,Astral https,39033.46
CONCOR,A,,Concor Corpn.,38933.91
JUBLFOOD,A,,Jublfood Food.,38838.62
PWL,A,,Pwl https,38675.58
UCOBANK,A,,Ucobank Bank,38496.45
PIRAMALFIN,A,,Piramalfin Finance.,38428.77
POONAWALLA,A,,Poonawalla Fin,38299.54
FLUOROCHEM,A,,Fluorochem Fluoroch,38214.67
ENDURANCE,A,,Endurance Tech.,38107.51
TATAINVEST,A,,Tatainvest Inv.Corpn.,37956.97
DALBHARAT,A,,Dalbharat BharatLtd,37675.3
KPRMILL,A,,Kprmill P R Mill Ltd,37214.84
APARINDS,A,,Aparinds Inds.,36840.35
IPCALAB,A,,Ipcalab Labs.,36666.76
BLUESTARCO,A,,Bluestarco Star,36476.61
ANTHEM,A,,Anthem Bioscienc,35648.58
AWL,A,,Awl Agri Busine.,35624.2
GODREJIND,A,,Godrejind Industrie,35352.56
AIAENG,A,,Aiaeng Engineering,34892.64
CHOLAHLDNG,A,,Cholahldng Financial,34622.61
CENTRALBK,A,,Centralbk Bank,34431.53
ACC,A,,Acc https,34405.04
THERMAX,A,,Thermax https,34387
NLCINDIA,A,,Nlcindia India,34069.24
ASTERDM,A,,Asterdm DM Health.,33708.49
CDSL,A,,Cdsl D S L,33653.18
TATAELXSI,A,,Tataelxsi Elxsi,33086.37
CRISIL,A,,Crisil https,33075.15
MEDANTA,A,,Medanta Health,32986.05
APOLLOTYRE,A,,Apollotyre Tyres,32555.12
GODIGIT,A,,Godigit Digit General,32354.14
GRSE,A,,Grse Reach Sh.,32267.04
MSUMI,A,,Msumi Wiring,32077.81
KPITTECH,A,,Kpittech Technologi.,32066.11
EXIDEIND,A,,Exideind Inds.,31913.13
SJVN,A,,Sjvn https,31835.35
SONACOMS,A,,Sonacoms BLW Precis.,31297.31
DELHIVERY,A,,Delhivery https,31279.64
METROBRAND,A,,Metrobrand Brands,31142.77
AJANTPHARM,A,,Ajantpharm Pharma,31028.06
NAVINFLUOR,A,,Navinfluor Fluo.Intl.,30601.26
NBCC,A,,Nbcc https,30415.19
HINDCOPPER,A,,Hindcopper Copper,30388.35
HONAUT,A,,Honaut Auto,30136.37
LICHSGFIN,A,,Lichsgfin Housing Fin.,30025.24
MRPL,A,,Mrpl R P L,29848.39
GLAND,A,,Gland Pharma,29824.17
TVSHLTD,A,,Tvshltd Holdings,29250.62
AEGISVOPAK,A,,Aegisvopak Vopak Term,28929.84
STARHEALTH,A,,Starhealth Health Insu,28916.64
NIACL,A,,Niacl India Assura,28780.3
ITI,A,,Iti https,28620.54
MINDSPACE,A,,Mindspace Busine,28436.04
IGL,A,,Igl Gas,28197.41
NHIT,A,,Nhit High,27987.5
GUJGASLTD,A,,Gujgasltd Gas,27429.08
TATATECH,A,,Tatatech Technolog.,27206.95
JBCHEPHARM,A,,Jbchepharm B Chemicals &,27157.12
PINELABS,A,,Pinelabs Labs,27106.31
GILLETTE,A,,Gillette India,26968.14
IKS,A,,Iks Knowl,26944.74
AEGISLOG,A,,Aegislog Logistics,26881
KIMS,A,,Kims Institu.,26805.34
ATHERENERG,A,,Atherenerg Energy,26407.13
IRB,A,,Irb Infra.Devl.,26390.32
LALPATHLAB,A,,Lalpathlab Lal Pathlabs,26346.68
NUVAMA,A,,Nuvama Wealth,26304.31
PTCIL,A,,Ptcil Industries,25813.02
EMCURE,A,,Emcure Pharma,25636.1
FSL,A,,Fsl Solu.,25406.91
SYNGENE,A,,Syngene Intl.,25358.96
AMBER,A,,Amber Enterp.,25311.02
ASAHIINDIA,A,,Asahiindia India Glas,25050.68
PPLPHARMA,A,,Pplpharma Pharma,25032.45
ANGELONE,A,,Angelone One,24954.43
HBLENGINE,A,,Hblengine Engineering,24877.64
ZFCVINDIA,A,,Zfcvindia Commercial,24628.99
NXST,A,,Nxst Select,24261.33
AFFLE,A,,Affle i,24185.22
BANDHANBNK,A,,Bandhanbnk Bank,24016.43
KARURVYSYA,A,,Karurvysya Vysya Bank,23914.58
RAMCOCEM,A,,Ramcocem Ramco Cement,23876.14
INOXWIND,A,,Inoxwind Wind,23806.49
ANANDRATHI,A,,Anandrathi Rathi Wea.,23721.02
MANAPPURAM,A,,Manappuram Fin.,23463.02
EIHOTEL,A,,Eihotel https,23422.99
HATSUN,A,,Hatsun Agro,23302.88
PNBHOUSING,A,,Pnbhousing Housing,23111.02
TIMKEN,A,,Timken India,23083.57
DEEPAKNTR,A,,Deepakntr Nitrite,23063.48
SHYAMMETL,A,,Shyammetl Metalics,23005.39
IIFL,A,,Iifl Finance,22951.3
PFIZER,A,,Pfizer https,22923.11
WELCORP,A,,Welcorp Corp,22886.21
CESC,A,,Cesc https,22764.94
SAGILITY,A,,Sagility https,22704.11
ERIS,A,,Eris Lifescience,22668.61
JYOTICNC,A,,Jyoticnc CNC Auto.,22571.74
SUMICHEM,A,,Sumichem Chemi.,22561.28
COHANCE,A,,Cohance Life,22546.62
ASTRAZEN,A,,Astrazen Phar,22524.01
EMAMILTD,A,,Emamiltd https,22448.78
FORCEMOT,A,,Forcemot Motors,22270.47
REDINGTON,A,,Redington https,22238.55
HSCL,A,,Hscl Special,22211.65
ANANTRAJ,A,,Anantraj Raj,21966.91
BRIGADE,A,,Brigade Enterpr.,21958.79
ECLERX,A,,Eclerx Services,21892.29
CREDITACC,A,,Creditacc Gram.,21691.63
KIOCL,A,,Kiocl https,21433.18
WOCKPHARMA,A,,Wockpharma https,21310.82
NEULANDLAB,A,,Neulandlab Labs.,21298.36
ABSLAMC,A,,Abslamc AMC,21212.6
SUNTV,A,,Suntv TV Network,21144.61
PSB,A,,Psb & Sind Bank,21095.32
KPIL,A,,Kpil Proj.,21033.23
BIRET,A,,Biret India,20967.87
AADHARHFC,A,,Aadharhfc Hsg. Fin.,20933.59
URBANCO,A,,Urbanco Company,20710.95
TATACHEM,A,,Tatachem Chemicals,20635.56
BAYERCROP,A,,Bayercrop Crop Sci.,20463.29
SUNDRMFAST,A,,Sundrmfast Fasten.,19993.77
DCMSHRIRAM,A,,Dcmshriram Shriram,19718.3
CHALET,A,,Chalet Hotels,19591.51
CPPLUS,A,,Cpplus Infotech,19572.06
CAMS,A,,Cams Services,19554.5
CUB,A,,Cub Union Bank,19479.85
ABREL,A,,Abrel B Real Estate,19459.47
JSWHL,A,,Jswhl Holdings,19277.37
TENNIND,A,,Tennind Clean,19191.52
RBLBANK,A,,Rblbank Bank,19153.12
BASF,A,,Basf India,19033.61
POLYMED,A,,Polymed Medicure,18997.37
KANSAINER,A,,Kansainer Nerolac,18812.77
NETWEB,A,,Netweb Technol.,18730.95
CASTROLIND,A,,Castrolind India,18694.43
ONESOURCE,A,,Onesource Speci.,18664.26
KEC,A,,Kec International,18614.03
TBOTEK,A,,Tbotek Tek,18590.67
CUBEINVIT,A,,Cubeinvit Highways,18548.16
OLAELEC,A,,Olaelec Electric,18476.97
CHAMBLFERT,A,,Chamblfert Fert.,18387.91
KFINTECH,A,,Kfintech Technolog.,18366.68
CGCL,A,,Cgcl Global,18304.76
FIVESTAR,A,,Fivestar Star Bus.Fi,18221.33
ABDL,A,,Abdl Blenders,18177.14
EIDPARRY,A,,Eidparry Parry,18126.62
SAILIFE,A,,Sailife Life,18099
DEEPAKFERT,A,,Deepakfert Fertilis.,17910.55
INDIGRID,A,,Indigrid Trust,17897.75
BIKAJI,A,,Bikaji Foods,17896.81
DEVYANI,A,,Devyani Intl.,17791.53
TRAVELFOOD,A,,Travelfood Food,17773.45
APLLTD,A,,Aplltd Pharma,17724.13
SCHNEIDER,A,,Schneider Elect.,17712.78
ATUL,A,,Atul https,17584.6
ARE&M,A,,Are&M Raja Ener.,17462.37
SARDAEN,A,,Sardaen Energy,17268.44
CROMPTON,A,,Crompton Gr. Con,17215.06
KAJARIACER,A,,Kajariacer Ceramics,17162.43
TRITURBINE,A,,Triturbine Turbine,17134.12
JSWCEMENT,A,,Jswcement Cement,16960.26
DATAPATTNS,A,,Datapattns Pattern,16942.99
KIRLOSENG,A,,Kirloseng Oil,16922.14
JUBLPHARMA,A,,Jublpharma Pharmo,16849.97
PGEL,A,,Pgel Electroplast,16848.5
GRINDWELL,A,,Grindwell Norton,16836.06
VENTIVE,A,,Ventive Hospital,16823.07
GSPL,A,,Gspl St.Petronet,16819.19
CENTURYPLY,A,,Centuryply Plyboard,16762.21
MAHSCOOTER,A,,Mahscooter Scooters,16734.33
GPIL,A,,Gpil Power,16721.37
VERTIS,A,,Vertis Infra.,16609.82
FIRSTCRY,A,,Firstcry Solut.,16543.09
VINATIORGA,A,,Vinatiorga Organics,16534.1
LMW,A,,Lmw https,16398.2
SOBHA,A,,Sobha https,16340.6
CHOICEIN,A,,Choicein Intl.,16305.09
ZENSARTECH,A,,Zensartech Tech.,16132.14
SYRMA,A,,Syrma SGS Tech.,16122.4
EMMVEE,A,,Emmvee Photovol.,16113.63
RATNAMANI,A,,Ratnamani Metals,16081.32
CRAFTSMAN,A,,Craftsman Auto,16077.64
RPOWER,A,,Rpower Power,16063.33
BEML,A,,Beml Ltd,15848.93
CIEINDIA,A,,Cieindia Automotive,15749.28
CEATLTD,A,,Ceatltd https,15690.39
SIGNATURE,A,,Signature https,15688.74
GESHIP,A,,Geship Shipping Co,15672.22
AGARWALEYE,A,,Agarwaleye Agarwal's Hea,15631.47
ABLBL,A,,Ablbl B Lifestyle,15608.08
ELGIEQUIP,A,,Elgiequip Equipments,15608.01
CARBORUNIV,A,,Carboruniv Uni.,15578
GMDCLTD,A,,Gmdcltd M D C,15539.4
NATCOPHARM,A,,Natcopharm Pharma,15489.42
AKZOINDIA,A,,Akzoindia Nobel,15445.89
NAVA,A,,Nava https,15381.84
DOMS,A,,Doms Industries,15293.01
RRKABEL,A,,Rrkabel R Kabel,15288.35
IRCON,A,,Ircon Intl.,15265.49
CHENNPETRO,A,,Chennpetro P C L,15261.44
INTELLECT,A,,Intellect Design,15197.9
VGUARD,A,,Vguard Guard Industri,15097.49
WHIRLPOOL,A,,Whirlpool India,14980.35
CONCORDBIO,A,,Concordbio Biotech,14950.07
MANYAVAR,A,,Manyavar Fashions,14783.36
JAINREC,A,,Jainrec Resource,14776.66
UTIAMC,A,,Utiamc AMC,14758.13
GABRIEL,A,,Gabriel India,14642.55
CAPLIPOINT,A,,Caplipoint Point Lab,14603.38
JBMA,A,,Jbma Auto,14526.8
TRIDENT,A,,Trident https,14467.39
CARTRADE,A,,Cartrade Tech,14455.03
ACMESOLAR,A,,Acmesolar Solar Hold.,14434.02
SWANCORP,A,,Swancorp Corp,14405.15
AFCONS,A,,Afcons Infrastr.,14372.85
BELRISE,A,,Belrise Industri,14349.29
GALLANTT,A,,Gallantt Ispat L,14332.13
MINDACORP,A,,Mindacorp Corp,14243.03
LTFOODS,A,,Ltfoods T Foods,14218.26
ANURAS,A,,Anuras Rasayan,14216.91
IFCI,A,,Ifci https,14145.23
IGIL,A,,Igil Ge,14052.76
INDIAMART,A,,Indiamart Inter.,14051.57
ZYDUSWELL,A,,Zyduswell Wellness,14043.41
THELEELA,A,,Theleela Palaces Hotels,13988.24
NIVABUPA,A,,Nivabupa Bupa Health,13962.25
AARTIIND,A,,Aartiind Industries,13948.99
ACUTAAS,A,,Acutaas Chemical,13928
FINEORG,A,,Fineorg Organic,13894.85
APTUS,A,,Aptus Value Hou.,13858.44
BLUEDART,A,,Bluedart Dart Expres,13786.49
JPPOWER,A,,Jppower Power Ven.,13720.11
TECHNOE,A,,Technoe Elec.Engg,13607.2
KIRLOSBROS,A,,Kirlosbros Brothers,13527.12
RAINBOW,A,,Rainbow Child.,13505.85
JMFINANCIL,A,,Jmfinancil Financial,13395.54
CEMPRO,A,,Cempro Project,13376.04
CCL,A,,Ccl Products,13332.08
WELSPUNLIV,A,,Welspunliv Living,13307.54
CELLO,A,,Cello World,13229.92
GRANULES,A,,Granules India,13212.03
BLS,A,,Bls Internat.,13210.76
SAMMAANCAP,A,,Sammaancap Capital,13161.01
USHAMART,A,,Ushamart Martin,13154.51
VTL,A,,Vtl Textile,13067.41
PCBL,A,,Pcbl Chemical,13047.28
NUVOCO,A,,Nuvoco Vistas,13014.56
BBTC,A,,Bbtc Burmah,13001.07
PFOCUS,A,,Pfocus Focus,12996.57
AAVAS,A,,Aavas Financiers,12924.37
BATAINDIA,A,,Bataindia India,12854.07
NEWGEN,A,,Newgen Software,12831.48
ZENTEC,A,,Zentec Technologies,12766.34
JWL,A,,Jwl Wagons,12667.03
TEGA,A,,Tega Inds.,12666.43
IEX,A,,Iex Energy Ex,12577.42
GRAVITA,A,,Gravita India,12563.67
PARADEEP,A,,Paradeep Phosph.,12556.85
INDIACEM,A,,Indiacem Cements,12509.02
KSB,A,,Ksb https,12498.39
CYIENT,A,,Cyient https,12451.2
SPLPETRO,A,,Splpetro Petroch.,12385.54
PRIVISCL,A,,Priviscl Speci.,12276.38
INGERRAND,A,,Ingerrand Rand,12273.79
INDGN,A,,Indgn https,12249.51
JKTYRE,A,,Jktyre Tyre & Indust,12236.34
AETHER,A,,Aether Industri.,12225.18
LEMONTREE,A,,Lemontree Tree Hotel,12169.61
HOMEFIRST,A,,Homefirst First Finan,12134.43
NSLNISP,A,,Nslnisp Steel,12062.33
MGL,A,,Mgl Gas,11999.01
RITES,A,,Rites https,11853.65
CANFINHOME,A,,Canfinhome Fin Homes,11785.48
SBFC,A,,Sbfc Finance,11784.74
AVANTIFEED,A,,Avantifeed Feeds,11727.94
CANHLIFE,A,,Canhlife HSBC,11655.52
TSFINV,A,,Tsfinv Investments,11604.92
FINCABLES,A,,Fincables Cables,11593.58
SHRIPISTON,A,,Shripiston Pistons,11590.87
IXIGO,A,,Ixigo Travenues,11589.14
BLACKBUCK,A,,Blackbuck https,11588.39
J&KBANK,A,,J&Kbank & K Bank,11565.77
ELECON,A,,Elecon Engg.Co,11545.26
JUBLINGREA,A,,Jublingrea Ingrev.,11491.24
TITAGARH,A,,Titagarh Rail,11451.85
ACE,A,,Ace Const.Eq.,11432.61
SHAILY,A,,Shaily Engineer.,11407.01
JYOTHYLAB,A,,Jyothylab Labs,11381.81
EUREKAFORB,A,,Eurekaforb Forbes,11369.67
TDPOWERSYS,A,,Tdpowersys Power Systems,11329.92
WAAREERTL,A,,Waareertl Renewab.,11323.73
FINPIPE,A,,Finpipe Inds.,11279.06
SCI,A,,Sci C I,11265.5
RUBICON,A,,Rubicon Research,11184.49
SAFARI,A,,Safari Inds.,11108.47
ALIVUS,A,,Alivus Life,11066.06
GODREJAGRO,A,,Godrejagro Agrovet,11045.39
NCC,A,,Ncc https,11021.93
ENGINERSIN,A,,Enginersin India,10999.22
RAILTEL,A,,Railtel Corpn.,10985.69
EMBDL,A,,Embdl Develop,10978.2
SANOFICONR,A,,Sanoficonr Consumer,10948.35
AZAD,A,,Azad Engineering,10934
OLECTRA,A,,Olectra Greentec,10902.39
GRAPHITE,A,,Graphite India,10824.1
PVRINOX,A,,Pvrinox Inox,10749
BSOFT,A,,Bsoft Ltd,10631.83
EDELWEISS,A,,Edelweiss Fin.,10582.35
GRINFRA,A,,Grinfra R Infraproject,10573.83
JINDALSAW,A,,Jindalsaw Saw,10495.94
UJJIVANSFB,A,,Ujjivansfb Small,10495.08
INOXINDIA,A,,Inoxindia India,10434.19
VIKRAMSOLR,A,,Vikramsolr Solar,10408.79
SANOFI,A,,Sanofi India,10393.89
VIJAYA,A,,Vijaya Diagnost.,10332.67
HFCL,A,,Hfcl https,10329.72
HCG,A,,Hcg Global,10196.72
RELAXO,A,,Relaxo Footwear,10164.22
METROPOLIS,A,,Metropolis Healt,10139.22
BANCOINDIA,A,,Bancoindia Products,10127.34
TI,A,,Ti Inds.,10123.1
GENUSPOWER,A,,Genuspower Power,10106.99
PRUDENT,A,,Prudent Corp.,10075.12
VARROC,A,,Varroc Engineer,10036.61
SONATSOFTW,A,,Sonatsoftw Software,10026.87
SANSERA,A,,Sansera Enginee.,10004.8
SOUTHBANK,A,,Southbank Ind.Bank,9996.43
LATENTVIEW,A,,Latentview View,9985.9
TTML,A,,Ttml Tele. Mah.,9952.54
JKLAKSHMI,A,,Jklakshmi Lakshmi Cem.,9879.09
SANDUMA,A,,Sanduma Manganese,9854.28
TIMETECHNO,A,,Timetechno Technoplast,9741.91
CLEAN,A,,Clean Science,9737.89
HEG,A,,Heg https,9732.51
RKFORGE,A,,Rkforge Forg.,9698.59
PGHL,A,,Pghl & G Health Ltd,9694.36
SKFINDIA,A,,Skfindia India,9691.8
VESUVIUS,A,,Vesuvius India,9691.43
BLUEJET,A,,Bluejet Jet Health,9629.17
NAZARA,A,,Nazara Technolo.,9611.71
HAPPYFORGE,A,,Happyforge Forgings,9574.49
INDIASHLTR,A,,Indiashltr SHELTE FIN,9558.75
RHIM,A,,Rhim Magnesita,9550.76
KRBL,A,,Krbl https,9511.65
ASKAUTOLTD,A,,Askautoltd Automotive,9496.34
JLHL,A,,Jlhl Life Lin,9460.29
GRWRHITECH,A,,Grwrhitech Hi Tech,9435
ZEEL,A,,Zeel Entertainmen,9415.98
THANGAMAYL,A,,Thangamayl Jew.,9409.51
IIFLCAPS,A,,Iiflcaps Capital,9394.94
ABFRL,A,,Abfrl Bir. Fas.,9367.18
MMTC,A,,Mmtc https,9352.77
HONASA,A,,Honasa Consumer,9336.4
MAPMYINDIA,A,,Mapmyindia E. Info System,9322.94
ASTRAMICRO,A,,Astramicro Microwave,9274.67
MEDPLUS,A,,Medplus Health,9197.54
TARIL,A,,Taril R I L,9154.86
TTKPRESTIG,A,,Ttkprestig Prestige,9137.62
ORKLAINDIA,A,,Orklaindia India,9127.67
ARVIND,A,,Arvind Ltd,9121.51
APOLLO,A,,Apollo Micro Sys,9120.29
LUMAXTECH,A,,Lumaxtech Auto Tech.,9100.82
BALRAMCHIN,A,,Balramchin Chini,9093.68
STARCEMENT,A,,Starcement Cement,9081.68
GMRP&UI,A,,Gmrp&Ui Urban,9058.14
CUPID,A,,Cupid https,9027.87
ALKYLAMINE,A,,Alkylamine Amines,8954.53
TEJASNET,A,,Tejasnet Networks,8918.3
KPIGREEN,A,,Kpigreen Green Energy,8867.55
BIRLACORPN,A,,Birlacorpn Corpn.,8805.25
TCI,A,,Tci Corp.,8783.54
BBOX,A,,Bbox Box,8774.28
NESCO,A,,Nesco https,8710.32
ESABINDIA,A,,Esabindia India,8707.36
LLOYDSENT,A,,Lloydsent Enterpris,8698.22
MARKSANS,A,,Marksans Pharma,8693.91
PGINVIT,A,,Pginvit Infra.,8691.4
TRANSRAILL,A,,Transraill Light,8683
WABAG,A,,Wabag Tech Wabag,8677.69
JSLL,A,,Jsll Sikho,8603.97
BLUESTONE,A,,Bluestone Jewel,8601.88
GPPL,A,,Gppl Pipavav Port,8598.45
WESTLIFE,A,,Westlife Food,8574.93
PNGJL,A,,Pngjl N Gadgil Jewe.,8571.98
INOXGREEN,A,,Inoxgreen Green,8548.85
SHAKTIPUMP,A,,Shaktipump Pumps,8510.71
V2RETAIL,A,,V2Retail Retail,8503.48
ALOKINDS,A,,Alokinds Industries,8440.96
RELIGARE,A,,Religare Enterp.,8339.91
WEWORK,A,,Wework India,8317.44
MAHLIFE,A,,Mahlife Life.,8313.33
LOTUSDEV,A,,Lotusdev Lotus,8310.75
BORORENEW,A,,Bororenew Renew.,8278.1
STAR,A,,Star Pharma,8246.35
SAPPHIRE,A,,Sapphire Foods,8199.97
VOLTAMP,A,,Voltamp Transform.,8174.69
THYROCARE,A,,Thyrocare Tech.,8152.32
RATEGAIN,A,,Rategain Travel,8082.9
RCF,A,,Rcf C F,8076.72
SUDARSCHEM,A,,Sudarschem Chem.,8063.39
PGIL,A,,Pgil Global Ind,8018.72
MTARTECH,A,,Mtartech Technologie,8010.74
CAMPUS,A,,Campus Activewe.,7965.14
BECTORFOOD,A,,Bectorfood Bectors,7956.01
TRIVENI,A,,Triveni Engg.Ind.,7918.64
TMB,A,,Tmb N Merc. Bank,7861.39
MANORAMA,A,,Manorama Indust.,7850.68
PRICOLLTD,A,,Pricolltd Ltd,7770.22
ETHOSLTD,A,,Ethosltd Ltd,7770.14
PCJEWELLER,A,,Pcjeweller Jeweller,7761.06
MAHSEAMLES,A,,Mahseamles Seamless,7673.72
TANLA,A,,Tanla Platforms,7663.82
DIACABS,A,,Diacabs Power,7614.2
HAPPSTMNDS,A,,Happstmnds Minds,7565.78
LLOYDSENGG,A,,Lloydsengg Engineeri,7555.08
KIRLFER,A,,Kirlfer Ferrous,7542.57
POWERMECH,A,,Powermech Mech Proj.,7499.3
MAXESTATES,A,,Maxestates Estates,7489.1
GSFC,A,,Gsfc S F C,7476.46
THOMASCOOK,A,,Thomascook Cook (I),7469.63
ATLANTAELE,A,,Atlantaele Electric,7424.38
KALPATARU,A,,Kalpataru https,7358.36
WELENT,A,,Welent Enterp,7357.38
DBREALTY,A,,Dbrealty Estate,7350.95
AJAXENGG,A,,Ajaxengg Engineering,7336.51
YATHARTH,A,,Yatharth Hospit.,7321.79
GALAXYSURF,A,,Galaxysurf Surfact.,7313.39
EQUITASBNK,A,,Equitasbnk Sma. Fin,7308.88
GNFC,A,,Gnfc N F C,7230.95
SAREGAMA,A,,Saregama India,7221.98
DODLA,A,,Dodla Dairy,7221.16
SHARDACROP,A,,Shardacrop Cropchem,7220.64
CERA,A,,Cera Sanitary.,7213.48
CSBBANK,A,,Csbbank Bank,7179.5
JAYNECOIND,A,,Jaynecoind Neco,7155.23
BALUFORGE,A,,Baluforge Forge,7151.07
KTKBANK,A,,Ktkbank Bank,7137.02
GARFIBRES,A,,Garfibres Tech.,7122.83
REDTAPE,A,,Redtape https,7092.6
KIRLPNU,A,,Kirlpnu Pneumatic,7080.59
PRSMJOHNSN,A,,Prsmjohnsn Johnson,7050.63
IMFA,A,,Imfa Metals,7043.54
MASTEK,A,,Mastek https,7031.97
OSWALPUMPS,A,,Oswalpumps Pumps,6995.48
INDIAGLYCO,A,,Indiaglyco Glycols,6983.82
AVL,A,,Avl Vision,6983.81
DBL,A,,Dbl Buildcon,6971.58
NETWORK18,A,,Network18 Media,6945.17
ASHAPURMIN,A,,Ashapurmin Minech.,6935.4
IFBIND,A,,Ifbind Industries,6877.57
GOKEX,A,,Gokex Exports,6872.06
SHILPAMED,A,,Shilpamed Medicare,6854.21
RAYMONDLSL,A,,Raymondlsl Lifestyl,6837.42
RELINFRA,A,,Relinfra Infra.,6819.45
RUSTOMJEE,A,,Rustomjee Realtor,6758.59
PNCINFRA,A,,Pncinfra Infratech,6714.89
ARVINDFASN,A,,Arvindfasn Fashions.,6698.64
1285775,A,,1285775 Pharma,6697.85
MHRIL,A,,Mhril Holiday,6684.28
GANESHHOU,A,,Ganeshhou Housing,6683.85
FDC,A,,Fdc https,6680.19
ACI,A,,Aci Chemical,6672.98
AKUMS,A,,Akums Drugs,6631.01
MOIL,A,,Moil https,6625.54
AHLUCONT,A,,Ahlucont Contr.,6621.72
SFL,A,,Sfl Foam,6617.29
HNDFDS,A,,Hndfds Foods,6593.57
KOVAI,A,,Kovai Medical,6549.39
AVALON,A,,Avalon Tech,6544.09
MIDHANI,A,,Midhani Dhatu Nig,6475.42
TIPSMUSIC,A,,Tipsmusic Music,6445.93
UTLSOLAR,A,,Utlsolar Power,6401.85
EPL,A,,Epl Ltd,6367.19
JUSTDIAL,A,,Justdial Dial,6363.96
SHREMINVIT,A,,Shreminvit InvIT,6352.78
VMART,A,,Vmart Mart Retail,6338.38
GREENLAM,A,,Greenlam Industr,6326.36
JAIBALAJI,A,,Jaibalaji Balaji Inds.,6311.18
AARTIPHARM,A,,Aartipharm Pharma,6291.36
SMARTWORKS,A,,Smartworks Cowor,6286
JKPAPER,A,,Jkpaper Paper,6274.67
DYNAMATECH,A,,Dynamatech Tech.,6266.08
EPIGRAL,A,,Epigral https,6257.67
SUPRAJIT,A,,Suprajit Engg.,6256.39
AXISCADES,A,,Axiscades Tech.,6254.77
ICIL,A,,Icil Count Inds.,6249.73
ISGEC,A,,Isgec Heavy,6187.31
PRAJIND,A,,Prajind Industries,6152.18
PICCADIL,A,,Piccadil Agro,6132.53
INDIGOPNTS,A,,Indigopnts Paints,6114.75
SUNTECK,A,,Sunteck Realty,6104.19
CRAMC,A,,Cramc Robeco,6090.13
RTNINDIA,A,,Rtnindia Ent,6066.75
QPOWER,A,,Qpower Power El,6053.89
SEQUENT,A,,Sequent Scien.,6050.53
SUPRIYA,A,,Supriya Lifesci.,5985.33
DCBBANK,A,,Dcbbank Bank,5981.8
SYMPHONY,A,,Symphony https,5978.57
RENUKA,A,,Renuka Renuka Sugar,5957.59
FIEMIND,A,,Fiemind Industries,5941.74
AURIONPRO,A,,Aurionpro Sol.,5921.7
ICRA,A,,Icra https,5908.86
PILANIINVS,A,,Pilaniinvs Invest.,5894.28
GOKULAGRO,A,,Gokulagro Agro,5864.48
CMSINFO,A,,Cmsinfo Info Systems,5837.91
PARAS,A,,Paras Defence,5812.79
GULFOILLUB,A,,Gulfoillub Oil Lubric.,5794.56
LGBBROSLTD,A,,Lgbbrosltd G Balakrishnan,5777.42
MASFIN,A,,Masfin FINANC SER,5754.79
PURVA,A,,Purva https,5743.92
ELLEN,A,,Ellen Indl.Gas,5722.53
GHCL,A,,Ghcl https,5715.91
BAJAJELEC,A,,Bajajelec Electrical,5626.54
HGINFRA,A,,Hginfra G. Infra Engg.,5606.67
INFIBEAM,A,,Infibeam Avenues,5604.13
SURYAROSNI,A,,Suryarosni Roshni,5603.83
DHANUKA,A,,Dhanuka Agritech,5594.14
PDSL,A,,Pdsl https,5584.89
TIIL,A,,Tiil Inds.,5579.94
SUBROS,A,,Subros https,5545.99
KINGFA,A,,Kingfa Science,5522.39
SAATVIKGL,A,,Saatvikgl Green,5515.9
RAJESHEXPO,A,,Rajeshexpo Exports,5504.31
SKIPPER,A,,Skipper https,5476.94
SWANDEF,A,,Swandef Defence,5458.13
SKYGOLD,A,,Skygold Gold & Diam.,5448.12
RTNPOWER,A,,Rtnpower Pow.,5434.55
SJS,A,,Sjs Enterprises,5425.25
VIPIND,A,,Vipind I P Inds.,5395.83
JUNIPER,A,,Juniper Hotels,5376.76
FEDFINA,A,,Fedfina Financi.,5354.71
GMMPFAUDLR,A,,Gmmpfaudlr Pfaudler,5349.85
SWSOLAR,A,,Swsolar & Wils.,5334.35
SHARDAMOTR,A,,Shardamotr Motor,5305.38
TEXRAIL,A,,Texrail Rail,5296.15
INDOTHAI,A,,Indothai Thai Sec.,5291.45
KENNAMET,A,,Kennamet India,5251.37
SENCO,A,,Senco Gold,5247.99
KSCL,A,,Kscl Seed Co.,5244.73
INDUSINVIT,A,,Indusinvit Inf. Trust,5240.49
ORIANA,A,,Oriana Power Ltd,5238.79
KRN,A,,Krn Heat Exchan,5166.48
STLTECH,A,,Stltech Tech.,5164.15
STYL,A,,Styl Tech.,5135.55
ZOTA,A,,Zota Health Care,5111.35
ZAGGLE,A,,Zaggle Prepaid,5103.85
DATAMATICS,A,,Datamatics Glob.,5092.47
IONEXCHANG,A,,Ionexchang Exchange,5088.26
RESPONIND,A,,Responind Ind,5078.77
LXCHEM,A,,Lxchem Organic,5069.3
GAEL,A,,Gael Ambuja Exp,5043.26
EMUDHRA,A,,Emudhra https,5035.13
TVSSCS,A,,Tvsscs Supply,5025.49
ITDC,A,,Itdc T D C,5020.55
ASHOKA,A,,Ashoka Buildcon,5017.02
BANSALWIRE,A,,Bansalwire Wire Inds,5005.08
E2E,A,,E2E E Networks,4987.45
UNIMECH,A,,Unimech Aero.,4982.19
MANINFRA,A,,Maninfra Infra,4969.15
SPICEJET,A,,Spicejet https,4963.12
NIITMTS,A,,Niitmts Learning,4947.4
AGI,A,,Agi Greenpac,4925.44
IBULLSLTD,A,,Ibullsltd https,4885.85
PACEDIGITK,A,,Pacedigitk Digitek,4875
OPTIEMUS,A,,Optiemus Infra.,4867.45
RALLIS,A,,Rallis India,4863.67
SHILCTECH,A,,Shilctech Tech.,4849.84
CHEMPLASTS,A,,Chemplasts Sanmar,4845.51
SHREEJISPG,A,,Shreejispg Ship. Gl,4836.97
PTC,A,,Ptc India,4820.49
WEBELSOLAR,A,,Webelsolar Energy,4819.21
IRBINVIT,A,,Irbinvit InvIT Fund,4816.88
EMIL,A,,Emil Mart,4812.38
CAPILLARY,A,,Capillary Tech.,4810.26
RPEL,A,,Rpel Product.,4805.18
SHOPERSTOP,A,,Shoperstop Stop,4796.39
GREAVESCOT,A,,Greavescot Cotton,4772.77
RSYSTEMS,A,,Rsystems Systems Intl.,4765.6
JCHAC,A,,Jchac Con. Hit,4763.69
CIGNITITEC,A,,Cignititec Tech.,4755.36
NDRINVIT,A,,Ndrinvit INVIT Trust,4752.15
INDIQUBE,A,,Indiqube Spaces,4737.47
JSFB,A,,Jsfb Small Finan,4734.92
INDRAMEDCO,A,,Indramedco Medical,4729.62
VRLLOG,A,,Vrllog Logistics,4725.04
CRIZAC,A,,Crizac https,4706.06
LUMAXIND,A,,Lumaxind Industries,4688.92
ELECTCAST,A,,Electcast Cast.,4654.36
ANUP,A,,Anup Anup Enginee,4626.83
ENTERO,A,,Entero Healthcar,4624.54
KNRCON,A,,Knrcon Construct.,4605.84
PRECWIRE,A,,Precwire Wires (I),4600.29
JKIL,A,,Jkil Kumar Infra,4581.54
DBCORP,A,,Dbcorp B Corp,4565.86
SIS,A,,Sis https,4564.2
BANARISUG,A,,Banarisug Amm.Sug.,4563.57
SWARAJENG,A,,Swarajeng Engines,4552.29
VSTTILLERS,A,,Vsttillers Till. Tract.,4543.48
CARERATING,A,,Carerating Ratings,4534.42
HUBTOWN,A,,Hubtown https,4529.17
ARSSBL,A,,Arssbl Rathi Shar,4514.26
GUJTHEM,A,,Gujthem Themis Bio.,4497
SUNFLAG,A,,Sunflag Iron,4456.81
REFEX,A,,Refex Industries,4447.15
KITEX,A,,Kitex Garments,4426.3
SPARC,A,,Sparc https,4407.76
ARTEMISMED,A,,Artemismed Medicare,4405.08
GOLDIAM,A,,Goldiam Intl.,4402.65
ORCHPHARMA,A,,Orchpharma Pharma,4398.35
SGMART,A,,Sgmart Mart,4397.42
MIDWESTLTD,A,,Midwestltd https,4379.75
HCC,A,,Hcc Construct.,4370.41
INNOVACAP,A,,Innovacap Captab,4354.27
BHARATRAS,A,,Bharatras Rasayan,4354.26
NFL,A,,Nfl Fertilizer,4346.53
HERITGFOOD,A,,Heritgfood Foods,4287.79
VSTIND,A,,Vstind Industries,4282.21
RAMKY,A,,Ramky Infra,4242.03
PARAGMILK,A,,Paragmilk Milk Foods,4234.23
ROUTE,A,,Route Mobile,4219.9
JAMNAAUTO,A,,Jamnaauto Auto Inds.,4217.01
CEIGALL,A,,Ceigall India,4203.71
UEL,A,,Uel Energy,4195.81
NORTHARC,A,,Northarc ARC,4165.07
GOPAL,A,,Gopal Snacks,4152.37
SANATHAN,A,,Sanathan Textile,4144.74
INTERARCH,A,,Interarch Build.,4140.07
JTEKTINDIA,A,,Jtektindia India,4131.76
HEIDELBERG,A,,Heidelberg Cem.,4110.34
AVANTEL,A,,Avantel https,4104.39
POCL,A,,Pocl Oxides,4092.23
MOSCHIP,A,,Moschip Tech.,4065
AARTIDRUGS,A,,Aartidrugs Drugs,4062.63
SAMHI,A,,Samhi Hotels,4044.78
GUJALKALI,A,,Gujalkali Alkalies,4009.07
SUVEN,A,,Suven Life Scie.,4004.7
VAIBHAVGBL,A,,Vaibhavgbl Global,4004.7
SMLMAH,A,,Smlmah Mahindra,4000.27
TARC,A,,Tarc Ltd,3988.89
HEMIPROP,A,,Hemiprop Prop,3943.66
BOROLTD,A,,Boroltd https,3937.2
AJMERA,A,,Ajmera Realty,3905.07
AWFIS,A,,Awfis Space,3898.35
ORIENTELEC,A,,Orientelec Electric,3883.07
TRUALT,A,,Trualt Bioenergy,3848.14
BALAMINES,A,,Balamines Amines,3823.44
VADILALIND,A,,Vadilalind Inds.,3809.48
GOODLUCK,A,,Goodluck India,3803.79
MARATHON,A,,Marathon Nextgen,3797.05
BAJAJCON,A,,Bajajcon Consumer,3794.78
KIRLOSIND,A,,Kirlosind Indus.,3789.87
RAIN,A,,Rain Industries,3773.56
SENORES,A,,Senores Pharma.,3761.12
DCAL,A,,Dcal Carbogen,3738.25
EIEL,A,,Eiel Infra,3736.13
RPGLIFE,A,,Rpglife LifeScience.,3725.47
EBGNG,A,,Ebgng Electronics,3702.21
NACLIND,A,,Naclind Industries,3688.81
DPABHUSHAN,A,,Dpabhushan P. Abhushan,3682.13
GRAUWEIL,A,,Grauweil & Weil,3679.44
UFLEX,A,,Uflex https,3665.8
MANGCHEFER,A,,Mangchefer Chem.,3659.31
CENTUM,A,,Centum Electron,3657.2
HARSHA,A,,Harsha Engg Intl,3646.77
ORIENTCEM,A,,Orientcem Cement,3639.31
SHANTIGEAR,A,,Shantigear Gears,3633.26
SHAREINDIA,A,,Shareindia India Sec.,3627.79
WONDERLA,A,,Wonderla Holiday,3611.11
TVSSRICHAK,A,,Tvssrichak Srichakra,3603.96
EUROPRATIK,A,,Europratik Pratik Sale,3603.96
GREENPLY,A,,Greenply Industr,3603.63
RBA,A,,Rba Brand,3600.33
MCLOUD,A,,Mcloud Cloud,3594.67
STYRENIX,A,,Styrenix Perfor.,3577.26
SEITINVIT,A,,Seitinvit Ener,3564
ADVENZYMES,A,,Advenzymes Enzyme,3556.33
MPSLTD,A,,Mpsltd https,3544.18
GUFICBIO,A,,Guficbio BioScience,3538.59
GKENERGY,A,,Gkenergy Energy,3534.6
LUXIND,A,,Luxind Industries,3518.68
PSPPROJECT,A,,Pspproject Projects,3512.78
MBAPL,A,,Mbapl B Agro Prod.,3503.76
NSIL,A,,Nsil Sons Invst,3498.15
JUBLCPL,A,,Jublcpl Agri,3491.97
SINDHUTRAD,A,,Sindhutrad Trade,3490.89
CYIENTDLM,A,,Cyientdlm DLM,3473.86
KOLTEPATIL,A,,Koltepatil Patil Dev.,3470.67
NAVNETEDUL,A,,Navnetedul Educat.,3465.35
SIYSIL,A,,Siysil Silk,3460.28
MSTCLTD,A,,Mstcltd https,3458.67
MEDIASSIST,A,,Mediassist Assist Ser.,3447.78
KSL,A,,Ksl Steels,3440.86
TATVA,A,,Tatva Chintan,3418.87
ROSSARI,A,,Rossari Biotech,3406.48
RAYMONDREL,A,,Raymondrel Realty,3402.29
AGIIL,A,,Agiil Infra,3395.24
63MOONS,A,,63Moons Tech.,3392.07
MANINDS,A,,Maninds Industries,3375.89
STYLAMIND,A,,Stylamind Industrie,3356.33
KMEW,A,,Kmew Marine,3351.19
PROTEAN,A,,Protean eGov,3349.59
FOSECOIND,A,,Fosecoind India,3334.48
JINDWORLD,A,,Jindworld Worldwide,3333.8
JISLJALEQS,A,,Jisljaleqs Irrigation,3328.93
UNIVCABLES,A,,Univcables Cables,3319.79
DHANI,A,,Dhani Services,3316.86
MARINE,A,,Marine Electric.,3312.73
RAYMOND,A,,Raymond https,3303.68
BBL,A,,Bbl Bijlee,3299.01
NEOGEN,A,,Neogen Chemicals,3274.15
UNICHEMLAB,A,,Unichemlab Labs.,3274.13
PITTIENG,A,,Pittieng Engg.,3270.81
HLEGLAS,A,,Hleglas Glascoat,3268.67
VISHNU,A,,Vishnu Chemicals,3267.32
PRINCEPIPE,A,,Princepipe Pipes,3257.1
BALMLAWRIE,A,,Balmlawrie Lawrie,3250.13
BHAGCHEM,A,,Bhagchem Chem.,3249.53
GREENPANEL,A,,Greenpanel Inds.,3238.52
SGLTL,A,,Sgltl Glass,3237.5
KIRIINDUS,A,,Kiriindus Industries,3209.76
SABTNL,A,,Sabtnl Adhik. Bros.,3192.14
MAHLOG,A,,Mahlog Logis.,3187.12
FLAIR,A,,Flair Writing,3167.66
KDDL,A,,Kddl Ltd,3162.97
GLOBUSSPR,A,,Globusspr Spirits,3158.02
PAISALO,A,,Paisalo Digital,3148.77
KKCL,A,,Kkcl Kir.Cloth.,3137.3
SANDHAR,A,,Sandhar Tech,3131.76
QUESS,A,,Quess Corp,3127.22
SAMBHV,A,,Sambhv Steel,3121.46
EPACKPEB,A,,Epackpeb PrefabTech,3112.36
INDOSTAR,A,,Indostar Capital,3111.48
SSWL,A,,Sswl Str. Wheel,3111.08
NPST,A,,Npst People,3104.7
KRISHANA,A,,Krishana Phosch.,3102.11
ARKADE,A,,Arkade https,3097.42
DEEPINDS,A,,Deepinds Industries,3071.67
DDEVPLSTIK,A,,Ddevplstik Plastiks,3070.9
BGRENERGY,A,,Bgrenergy Energy Sys.,3039.07
ASHIANA,A,,Ashiana Housing,3033.48
ALPEXSOLAR,A,,Alpexsolar Solar,3027.23
BOMDYEING,A,,Bomdyeing Dyeing,3008.88
PENIND,A,,Penind Industrie,2995.15
PREMEXPLN,A,,Premexpln Explosives,2990.37
TFCILTD,A,,Tfciltd Fin. Corp.,2989.47
GATEWAY,A,,Gateway Distri,2987.86
GRMOVER,A,,Grmover Overseas,2986.31
BRIGHOTEL,A,,Brighotel Hotel,2984.8
SANGHVIMOV,A,,Sanghvimov Movers,2970.41
ORISSAMINE,A,,Orissamine Minerals,2965.1
PARKHOTELS,A,,Parkhotels Surrend.,2963.11
SIRCA,A,,Sirca Paints,2962.6
CARRARO,A,,Carraro India,2944.65
JASH,A,,Jash Engineering,2934.5
TIRUMALCHM,A,,Tirumalchm Chem.,2921.28
RELTD,A,,Reltd Energy,2909.21
POKARNA,A,,Pokarna https,2908.32
CAMLINFINE,A,,Camlinfine Fine,2903.51
MUTHOOTMF,A,,Muthootmf Microfin,2898.03
VEEDOL,A,,Veedol Corporat,2893.94
PATELENG,A,,Pateleng Engineerin,2890.3
GOCOLORS,A,,Gocolors Fashion (I),2888.43
SAGCEM,A,,Sagcem Cements,2887.09
UTKARSHBNK,A,,Utkarshbnk Small F.,2882.9
HINDWAREAP,A,,Hindwareap Home In,2861.77
RAMCOIND,A,,Ramcoind Inds.,2849.77
SUNDROP,A,,Sundrop Brands,2840.1
RAMRAT,A,,Ramrat Ratna Wires,2839.51
NOCIL,A,,Nocil https,2835.57
FMGOETZE,A,,Fmgoetze Mogul Go,2834.72
CARYSIL,A,,Carysil https,2822.6
NRBBEARING,A,,Nrbbearing Bearings,2816.6
FCL,A,,Fcl Chem,2816.35
SAKSOFT,A,,Saksoft https,2809.99
TCPLPACK,A,,Tcplpack Packaging,2807.11
ROLEXRINGS,A,,Rolexrings Rings,2792.29
WSTCSTPAPR,A,,Wstcstpapr Coast Paper,2788.63
MAITHANALL,A,,Maithanall Alloys,2781.4
YATRA,A,,Yatra Online,2780.44
IMAGICAA,A,,Imagicaa Enter.,2780.07
HPL,A,,Hpl Electric,2777.96
TEAMLEASE,A,,Teamlease Lease Serv.,2774.5
HIKAL,A,,Hikal https,2771.83
VIKRAN,A,,Vikran Engg.,2769.44
PRABHA,A,,Prabha Energy,2755.3
ROADSTAR,A,,Roadstar Infra,2732.86
VIMTALABS,A,,Vimtalabs Labs,2723.73
POLYPLEX,A,,Polyplex Corpn,2722.99
VSSL,A,,Vssl Special,2711.89
ARVSMART,A,,Arvsmart SmartSp.,2703.63
EFCIL,A,,Efcil I),2688.52
EASEMYTRIP,A,,Easemytrip Trip Plann.,2684.06
SUNCLAY,A,,Sunclay Clayton,2683.66
RPSGVENT,A,,Rpsgvent Ventures,2682.15
IOLCP,A,,Iolcp Chemicals,2656.36
VENUSPIPES,A,,Venuspipes Pipes,2654.52
KRSNAA,A,,Krsnaa Diagnost.,2653.97
KPEL,A,,Kpel P. Energy,2653.6
FISCHER,A,,Fischer Medical,2647.11
BAJAJHIND,A,,Bajajhind Hindusthan,2646.7
ROSSTECH,A,,Rosstech Techsys,2644.54
SMSPHARMA,A,,Smspharma Pharma.,2641.91
GIPCL,A,,Gipcl Inds. Power,2629
BCG,A,,Bcg Group,2621.27
REPCOHOME,A,,Repcohome Home Fin,2579.37
SOLARWORLD,A,,Solarworld Ene.,2564.1
DALMIASUG,A,,Dalmiasug Bharat,2545.97
KALAMANDIR,A,,Kalamandir Silks,2544.59
JAICORPLTD,A,,Jaicorpltd Corp,2543.07
SBCL,A,,Sbcl Bimetal,2542.16
ALEMBICLTD,A,,Alembicltd https,2529.31
EMSLIMITED,A,,Emslimited https,2524.95
SOTL,A,,Sotl Oil Tech,2513.61
TAJGVK,A,,Tajgvk Hotels,2512.45
HIRECT,A,,Hirect Rectifiers,2499.75
JTLIND,A,,Jtlind Industries,2498.2
EPACK,A,,Epack Durable,2492.36
UGROCAP,A,,Ugrocap Capital,2490.29
HONDAPOWER,A,,Hondapower India,2488.4
NUCLEUS,A,,Nucleus Soft.,2474.91
LAOPALA,A,,Laopala Opala RG,2469.41
DIAMONDYD,A,,Diamondyd Snacks,2456.51
MTNL,A,,Mtnl T N L,2455.79
SHK,A,,Shk H Kelkar & Co.,2453.95
WINDMACHIN,A,,Windmachin Machines,2453.78
BFUTILITIE,A,,Bfutilitie Utilities,2435.8
AUTOAXLES,A,,Autoaxles Axles,2435.69
MONARCH,A,,Monarch Networth,2431.29
CAPACITE,A,,Capacite Infra.,2414.98
DREDGECORP,A,,Dredgecorp Corpn.,2413.19
FILATEX,A,,Filatex India,2405.66
MOREPENLAB,A,,Morepenlab Labs.,2402.44
XPROINDIA,A,,Xproindia India,2398.54
SOLARA,A,,Solara Active,2395.12
EVEREADY,A,,Eveready Inds.,2392.95
PRAKASH,A,,Prakash Industri,2385.84
INDOCO,A,,Indoco Remedies,2377.8
GVPIL,A,,Gvpil Power,2361.8
TCIEXP,A,,Tciexp Express,2353.51
GMBREW,A,,Gmbrew M Breweries,2351.17
SHALBY,A,,Shalby https,2347.87
JINDALPOLY,A,,Jindalpoly Poly Film,2330.12
HGS,A,,Hgs Global,2329.46
WAAREEINDO,A,,Waareeindo https,2316.91
AEROFLEX,A,,Aeroflex https,2315.8
FINOPB,A,,Finopb Payments,2313.89
HATHWAY,A,,Hathway Cable,2308.24
ADFFOODS,A,,Adffoods Foods,2304.79
KICL,A,,Kicl Invest.,2301.73
KCP,A,,Kcp C P,2300.75
BEPL,A,,Bepl Engg.,2296.98
SUMMITSEC,A,,Summitsec Securitie,2296.1
SIMPLEXINF,A,,Simplexinf Infra,2285.09
WEL,A,,Wel Electric.,2281.4
SEAMECLTD,A,,Seamecltd Ltd,2269.81
RAMCOSYS,A,,Ramcosys Systems,2267.13
SDBL,A,,Sdbl Distilleries,2265.19
SANGAMIND,A,,Sangamind India,2258.59
PFS,A,,Pfs India Fin,2257.62
ANZEN,A,,Anzen IYEP Trust,2256.23
LANDMARK,A,,Landmark Cars,2255.99
ANANTAM,A,,Anantam Highways,2252.89
SCILAL,A,,Scilal Land,2249.34
GANECOS,A,,Ganecos Ecosphe.,2246.3
MBEL,A,,Mbel & B Engineer.,2244.23
RAJRATAN,A,,Rajratan Global,2219.25
SYSTMTXC,A,,Systmtxc Corp.,2216.17
STEELCAS,A,,Steelcas https,2210.47
MAYURUNIQ,A,,Mayuruniq Uniquoters,2199.7
SGFIN,A,,Sgfin Finserve,2195.55
NILKAMAL,A,,Nilkamal Ltd,2193.6
EIHAHOTELS,A,,Eihahotels Assoc.Hotels,2192.24
KERNEX,A,,Kernex Microsys.,2178.52
STYLEBAAZA,A,,Stylebaaza Style,2176.59
SHRINGARMS,A,,Shringarms House,2170.23
STUDDS,A,,Studds Accessor.,2168.55
SERVOTECH,A,,Servotech Renew,2168.11
UNIPARTS,A,,Uniparts India,2165.45
RPTECH,A,,Rptech Peripheral,2164.47
RML,A,,Rml Madras),2161.66
DIGITIDE,A,,Digitide Solutio,2153.79
TVSINVIT,A,,Tvsinvit Infra. Trust,2149.48
SPANDANA,A,,Spandana Sphoort,2147.09
TASTYBITE,A,,Tastybite Bite Eat.,2133.02
PANACEABIO,A,,Panaceabio Biotec,2110.22
INSECTICID,A,,Insecticid India,2107.68
APCOTEXIND,A,,Apcotexind Industri,2104.75
DCXINDIA,A,,Dcxindia Systems,2095.01
WHEELS,A,,Wheels India,2093.92
MOLDTKPAC,A,,Moldtkpac Tek Pack.,2091.43
BAJEL,A,,Bajel Projects,2089.35
CANTABIL,A,,Cantabil Retail,2083.84
DOLLAR,A,,Dollar Industrie,2082.58
IDEAFORGE,A,,Ideaforge Tech,2074.69
HITECH,A,,Hitech Tech Pipes,2069.72
SOLEX,A,,Solex Energy,2067.82
VINCOFE,A,,Vincofe Coffee,2066.96
SASKEN,A,,Sasken Technol.,2058.21
ORIENTHOT,A,,Orienthot Hotels,2057.92
GOODYEAR,A,,Goodyear India,2054.39
NOVARTIND,A,,Novartind India,2052.06
STOVEKRAFT,A,,Stovekraft Kraft,2046.02
RANEHOLDIN,A,,Raneholdin Holdings,2042.44
SULA,A,,Sula Vineyards,2035.61
AIMTRON,A,,Aimtron https,2028.32
GEOJITFSL,A,,Geojitfsl Fin. Ser.,2027.25
IPL,A,,Ipl Pesticides,2019.05
VERANDA,A,,Veranda Learning,2014.79
AMRUTANJAN,A,,Amrutanjan Healt,2014.19
NDRAUTO,A,,Ndrauto Auto Compon.,2009.4
YASHO,A,,Yasho Industries,1989.22
SPAL,A,,Spal P Apparels,1984.5
PIXTRANS,A,,Pixtrans Transmission,1983.3
INDIANHUME,A,,Indianhume Hume Pipe,1979.03
RMDRIP,A,,Rmdrip M Drip & Sprin,1975.42
ACCELYA,A,,Accelya Solution,1970.12
NITCO,A,,Nitco https,1966.38
GARUDA,A,,Garuda Cons,1959.54
MOBIKWIK,A,,Mobikwik Mobikwik,1958.14
DCW,A,,Dcw https,1956.62
MANGLMCEM,A,,Manglmcem Cement,1948.31
CAPINVIT,A,,Capinvit Infra,1947.58
MUFIN,A,,Mufin Green,1945.65
BLSE,A,,Blse E-Services,1944.26
GENESYS,A,,Genesys Intl.,1942.15
NELCO,A,,Nelco https,1932.97
MSPL,A,,Mspl Steel & Pow.,1920.35
COSMOFIRST,A,,Cosmofirst First,1917.29
HINDOILEXP,A,,Hindoilexp Oil Explor.,1907.24
INDNIPPON,A,,Indnippon Nipp.Elec.,1899.66
TIL,A,,Til https,1895.83
MUKANDLTD,A,,Mukandltd https,1886.8
DIVGIITTS,A,,Divgiitts Torq,1885.64
ADOR,A,,Ador Welding,1880.69
NITINSPIN,A,,Nitinspin Spinners,1880.56
VENKEYS,A,,Venkeys India),1870.47
DELTACORP,A,,Deltacorp Corp,1845.57
ASTEC,A,,Astec Lifescienc,1842.14
RHETAN,A,,Rhetan TMT Ltd,1840.81
VIDHIING,A,,Vidhiing Specialty,1837.97
THEJO,A,,Thejo Engg.,1837.28
PANAMAPET,A,,Panamapet Petrochem,1830.88
ASALCBR,A,,Asalcbr Alcohols,1815.55
VMARCIND,A,,Vmarcind Marc India,1813.84
INDOTECH,A,,Indotech Tech.Trans.,1811.47
VINDHYATEL,A,,Vindhyatel Telelink,1808.17
SALASAR,A,,Salasar Techno,1805.65
SPECTRUM,A,,Spectrum Electr.,1800.43
ALLTIME,A,,Alltime Time Plastic,1797.32
SOMANYCERA,A,,Somanycera Ceramics,1796.74
HMT,A,,Hmt https,1789.27
ARMANFIN,A,,Armanfin Financial,1783.57
SPIC,A,,Spic P I C,1776.15
MOL,A,,Mol Organi.,1773.34
COOLCAPS,A,,Coolcaps Caps,1762.9
DYCL,A,,Dycl Cables,1739.73
SANSTAR,A,,Sanstar https,1738.71
TAC,A,,Tac Infosec,1734.9
TALBROAUTO,A,,Talbroauto Auto.,1724.41
SUMEETINDS,A,,Sumeetinds Industrie,1717.84
GTLINFRA,A,,Gtlinfra Infra.,1716.53
MONTECARLO,A,,Montecarlo Carlo Fas.,1710.37
ANTELOPUS,A,,Antelopus Selan,1706.78
PRECAM,A,,Precam Camshf,1700.37
JINDRILL,A,,Jindrill Drilling,1697.15
