symbol,Symbol,Sector,mcap
RELIANCE,A,RELIANCE----Reliance Industr,2092931.64
HDFCBANK,A,HDFCBANK----Hdfcbank Bank,1535054.85
BHARTIARTL,A,BHARTIARTL----Bhartiartl Airtel,1296562.96
TCS,A,TCS----Tcs https,1139570.4
ICICIBANK,A,ICICIBANK----Icicibank Bank,978982.69
SBIN,A,SBIN----Sbin https,897632.69
INFY,A,INFY----Infy https,641750.59
BAJFINANCE,A,BAJFINANCE----Bajfinance Finance,624860.15
HINDUNILVR,A,HINDUNILVR----Hindunilvr Unilever,571655.24
LICI,A,LICI----Lici Insurance,570767.79
LT,A,LT----Lt & Toubro,553616.41
ITC,A,ITC----Itc https,510922.66
MARUTI,A,MARUTI----Maruti Suzuki,502371.87
M&M,A,M&M----M&M & M,466361.4
HCLTECH,A,HCLTECH----Hcltech Technologies,436370.6
SUNPHARMA,A,SUNPHARMA----Sunpharma Pharma.Inds.,426901.56
KOTAKBANK,A,KOTAKBANK----Kotakbank Mah. Bank,415528.64
AXISBANK,A,AXISBANK----Axisbank Bank,395952.07
TITAN,A,TITAN----Titan Company,346716.09
ULTRACEMCO,A,ULTRACEMCO----Ultracemco Cem.,345579.21
BAJAJFINSV,A,BAJAJFINSV----Bajajfinsv Finserv,327841.32
ADANIPORTS,A,ADANIPORTS----Adaniports Ports,319700.24
NTPC,A,NTPC----Ntpc https,316596.2
ADANIENT,A,ADANIENT----Adanient Enterp.,313216.1
ONGC,A,ONGC----Ongc N G C,310670
HAL,A,HAL----Hal Aeronautics,307344.47
BEL,A,BEL----Bel Electron,304342.64
ETERNAL,A,ETERNAL----Eternal Ltd,291491
ADANIPOWER,A,ADANIPOWER----Adanipower Power,287592.36
JSWSTEEL,A,JSWSTEEL----Jswsteel Steel,278914.71
ASIANPAINT,A,ASIANPAINT----Asianpaint Paints,275985.56
DMART,A,DMART----Dmart Super.,262868.97
POWERGRID,A,POWERGRID----Powergrid Grid Corpn,258091.66
WIPRO,A,WIPRO----Wipro https,256393.51
BAJAJ-AUTO,A,BAJAJ-AUTO----Bajaj-Auto Auto,248198.39
NESTLEIND,A,NESTLEIND----Nestleind India,246698.86
IOC,A,IOC----Ioc O C L,236388.98
COALINDIA,A,COALINDIA----Coalindia India,233043.69
INDIGO,A,INDIGO----Indigo Aviat,225851.22
TATASTEEL,A,TATASTEEL----Tatasteel Steel,209735.42
SBILIFE,A,SBILIFE----Sbilife Life Insuran,202727.12
EICHERMOT,A,EICHERMOT----Eichermot Motors,195733.13
VEDL,A,VEDL----Vedl https,194130.7
HINDZINC,A,HINDZINC----Hindzinc Zinc,193646.37
JIOFIN,A,JIOFIN----Jiofin Financial,192853.94
HYUNDAI,A,HYUNDAI----Hyundai Motor I,189838.02
GRASIM,A,GRASIM----Grasim Inds,186176.34
DLF,A,DLF----Dlf https,179643.69
LTIM,A,LTIM----Ltim https,175772.43
HINDALCO,A,HINDALCO----Hindalco Inds.,174810.52
ADANIGREEN,A,ADANIGREEN----Adanigreen Green,169853.67
DIVISLAB,A,DIVISLAB----Divislab Lab.,169149.1
HDFCLIFE,A,HDFCLIFE----Hdfclife Life Insur.,164599.47
TVSMOTOR,A,TVSMOTOR----Tvsmotor Motor Co.,163548.38
BPCL,A,BPCL----Bpcl P C L,158181.88
IRFC,A,IRFC----Irfc R F C,155606.92
SHRIRAMFIN,A,SHRIRAMFIN----Shriramfin Finance,155026.46
TRENT,A,TRENT----Trent https,154962.3
VBL,A,VBL----Vbl Beverages,151445.04
PIDILITIND,A,PIDILITIND----Pidilitind Inds.,149797.56
BANKBARODA,A,BANKBARODA----Bankbaroda of Baroda,146944.25
MUTHOOTFIN,A,MUTHOOTFIN----Muthootfin Finance,145881.22
TECHM,A,TECHM----Techm Mahindra,143108.6
PNB,A,PNB----Pnb Natl.Bank,140650.51
CHOLAFIN,A,CHOLAFIN----Cholafin Inv.&Fn,140196.15
BRITANNIA,A,BRITANNIA----Britannia Inds.,140014.33
AMBUJACEM,A,AMBUJACEM----Ambujacem Cements,135344.69
TATACAP,A,TATACAP----Tatacap Capital,134562.14
TMPV,A,TMPV----Tmpv Motors PVeh,133410.99
CANBK,A,CANBK----Canbk Bank,132303.37
BAJAJHLDNG,A,BAJAJHLDNG----Bajajhldng Holdings,129544.42
TORNTPHARM,A,TORNTPHARM----Torntpharm Pharma.,124884.8
SOLARINDS,A,SOLARINDS----Solarinds Industries,124558.72
TATAPOWER,A,TATAPOWER----Tatapower Power Co.,123691.51
CIPLA,A,CIPLA----Cipla https,122138.82
PFC,A,PFC----Pfc Fin.Corpn.,121988.4
GAIL,A,GAIL----Gail India),120487.71
CUMMINSIND,A,CUMMINSIND----Cumminsind India,120115.09
HEROMOTOCO,A,HEROMOTOCO----Heromotoco Motocorp,120081.97
TMCV,A,TMCV----Tmcv Motors,119473.88
ENRIN,A,ENRIN----Enrin Ener.Ind,118694.95
LODHA,A,LODHA----Lodha Developers,117371.13
TATACONSUM,A,TATACONSUM----Tataconsum Consumer,117172.81
ADANIENSOL,A,ADANIENSOL----Adaniensol Energy Sol,117118.71
BSE,A,BSE----Bse https,116251.08
MOTHERSON,A,MOTHERSON----Motherson Mothe.,115836.07
HDFCAMC,A,HDFCAMC----Hdfcamc AMC,115530.84
UNIONBANK,A,UNIONBANK----Unionbank Bank (I),115251.18
GODREJCP,A,GODREJCP----Godrejcp Consumer,115069.13
MAXHEALTH,A,MAXHEALTH----Maxhealth Healthcare,114944.86
INDIANB,A,INDIANB----Indianb Bank,114630.46
POLYCAB,A,POLYCAB----Polycab India,113310.99
SIEMENS,A,SIEMENS----Siemens https,113072.85
CGPOWER,A,CGPOWER----Cgpower Power & Ind,111849.53
LGEINDIA,A,LGEINDIA----Lgeindia Electronics,111484.88
MAZDOCK,A,MAZDOCK----Mazdock Dock,110765.24
GMRAIRPORT,A,GMRAIRPORT----Gmrairport Airports,109866.14
ABB,A,ABB----Abb B B,108095.91
IDEA,A,IDEA----Idea Idea,108018.01
IDBI,A,IDBI----Idbi Bank,107729.68
BOSCHLTD,A,BOSCHLTD----Boschltd https,107590.81
INDUSTOWER,A,INDUSTOWER----Industower Towers,106988.99
APOLLOHOSP,A,APOLLOHOSP----Apollohosp Hospitals,106297.02
JINDALSTEL,A,JINDALSTEL----Jindalstel Steel,105901.79
INDHOTEL,A,INDHOTEL----Indhotel Hotels Co,104401.64
DRREDDY,A,DRREDDY----Drreddy Reddy's Labs,103897.58
UNITDSPR,A,UNITDSPR----Unitdspr Spirits,103840.57
HINDPETRO,A,HINDPETRO----Hindpetro P C L,100359.45
ICICIGI,A,ICICIGI----Icicigi Lombard,99782.57
PERSISTENT,A,PERSISTENT----Persistent Systems,99365.62
BHEL,A,BHEL----Bhel H E L,98368.29
GROWW,A,GROWW----Groww https,97500.04
SWIGGY,A,SWIGGY----Swiggy https,96275.84
POWERINDIA,A,POWERINDIA----Powerindia Energy,96104.53
MARICO,A,MARICO----Marico https,96099.53
SHREECEM,A,SHREECEM----Shreecem Cement,95560.95
RECLTD,A,RECLTD----Recltd Ltd,94309.04
ZYDUSLIFE,A,ZYDUSLIFE----Zyduslife Lifesci.,93046.31
LUPIN,A,LUPIN----Lupin https,92697.6
MANKIND,A,MANKIND----Mankind Pharma,92645.93
WAAREEENER,A,WAAREEENER----Waareeener Energies,91669.06
DABUR,A,DABUR----Dabur India,91469.04
DIXON,A,DIXON----Dixon Technolog.,90777.95
HAVELLS,A,HAVELLS----Havells India,90362.79
ICICIPRULI,A,ICICIPRULI----Icicipruli Pru Life,88379.11
BAJAJHFL,A,BAJAJHFL----Bajajhfl Housing,87980.73
BHARTIHEXA,A,BHARTIHEXA----Bhartihexa Hexacom,87924.3
NAUKRI,A,NAUKRI----Naukri Edg.(India),86974.81
ABCAPITAL,A,ABCAPITAL----Abcapital Birla Cap,85159.33
ASHOKLEY,A,ASHOKLEY----Ashokley Leyland,84953.95
JSWENERGY,A,JSWENERGY----Jswenergy Energy,84671.35
SRF,A,SRF----Srf https,84125.42
POLICYBZR,A,POLICYBZR----Policybzr Fintech.,83665.42
SBICARD,A,SBICARD----Sbicard Cards,83612.81
NTPCGREEN,A,NTPCGREEN----Ntpcgreen Green Ene.,81844.94
PAYTM,A,PAYTM----Paytm https,80930.64
NHPC,A,NHPC----Nhpc Ltd,79194.73
NYKAA,A,NYKAA----Nykaa E-Commerce,77109.4
SUZLON,A,SUZLON----Suzlon Energy,74957.43
IOB,A,IOB----Iob O B,74813
GVT&D,A,GVT&D----Gvt&D Vernova T&D,74392.97
UNOMINDA,A,UNOMINDA----Unominda Minda,74273.6
PRESTIGE,A,PRESTIGE----Prestige Estates,72701.29
LENSKART,A,LENSKART----Lenskart Solut.,72430.85
LTF,A,LTF----Ltf Finance Ltd,72189.79
OFSS,A,OFSS----Ofss Fin.Serv.,71088.49
AUROPHARMA,A,AUROPHARMA----Auropharma Pharma,70620.33
YESBANK,A,YESBANK----Yesbank Bank,70343.91
FORTIS,A,FORTIS----Fortis Health.,69520.5
OIL,A,OIL----Oil India,69146.89
AUBANK,A,AUBANK----Aubank Small Finance,68320.75
ALKEM,A,ALKEM----Alkem Lab,68123.96
BERGEPAINT,A,BERGEPAINT----Bergepaint Paints,67557.98
BHARATFORG,A,BHARATFORG----Bharatforg Forge,67443.55
IDFCFIRSTB,A,IDFCFIRSTB----Idfcfirstb First Bank,67318.21
ATGL,A,ATGL----Atgl Total Gas,66786.21
GICRE,A,GICRE----Gicre Insuranc,66606.66
COROMANDEL,A,COROMANDEL----Coromandel Inter,66502.74
BANKINDIA,A,BANKINDIA----Bankindia of India,66254.5
INDUSINDBK,A,INDUSINDBK----Indusindbk Bank,65948.7
RVNL,A,RVNL----Rvnl Vikas,65469.63
TORNTPOWER,A,TORNTPOWER----Torntpower Power,65101.36
LLOYDSME,A,LLOYDSME----Lloydsme Metals,64671.64
MRF,A,MRF----Mrf https,64641.85
NMDC,A,NMDC----Nmdc https,64637.33
UPL,A,UPL----Upl https,63328.58
GODREJPROP,A,GODREJPROP----Godrejprop Propert.,63010.38
PATANJALI,A,PATANJALI----Patanjali Foods,62969.39
ABBOTINDIA,A,ABBOTINDIA----Abbotindia India,62925.26
JSL,A,JSL----Jsl Stain.,62110.33
SCHAEFFLER,A,SCHAEFFLER----Schaeffler India,62078.68
HDBFS,A,HDBFS----Hdbfs FINANC SER,61242.39
VMM,A,VMM----Vmm Mega Mart,61180.74
PHOENIXLTD,A,PHOENIXLTD----Phoenixltd Mills,60689.1
FEDERALBNK,A,FEDERALBNK----Federalbnk Bank,60333.5
OBEROIRLTY,A,OBEROIRLTY----Oberoirlty Realty,60300.12
COFORGE,A,COFORGE----Coforge https,60172.8
COLPAL,A,COLPAL----Colpal Palmoliv,59286.07
MFSL,A,MFSL----Mfsl Financial,57244.43
FACT,A,FACT----Fact A C T,57145.72
MOTILALOFS,A,MOTILALOFS----Motilalofs Oswal.Fin.,56967.11
JSWINFRA,A,JSWINFRA----Jswinfra Infrast,56679.04
NAM-INDIA,A,NAM-INDIA----Nam-India Life Ind.,56144.47
TIINDIA,A,TIINDIA----Tiindia Investments,55862.17
BDL,A,BDL----Bdl Dynamics,55460.59
SAIL,A,SAIL----Sail A I L,55398.12
IRCTC,A,IRCTC----Irctc R C T C,55224.14
TATACOMM,A,TATACOMM----Tatacomm Comm,54737.09
BIOCON,A,BIOCON----Biocon https,53043.98
KRT,A,KRT----Krt Realty,52854.15
LAURUSLABS,A,LAURUSLABS----Lauruslabs Labs,52800.33
MPHASIS,A,MPHASIS----Mphasis https,52288.41
SUNDARMFIN,A,SUNDARMFIN----Sundarmfin Finance,52266.14
PIIND,A,PIIND----Piind I Industries,52002.13
GLENMARK,A,GLENMARK----Glenmark Pharma.,51943.9
KALYANKJIL,A,KALYANKJIL----Kalyankjil Jewellers,51266.16
LINDEINDIA,A,LINDEINDIA----Lindeindia India,50905.58
MCX,A,MCX----Mcx Comm. Exc.,49381.97
APLAPOLLO,A,APLAPOLLO----Aplapollo Apollo Tubes,47968.56
M&MFIN,A,M&MFIN----M&Mfin & M Fin. Serv.,47613.46
VOLTAS,A,VOLTAS----Voltas https,46199.62
360ONE,A,360ONE----360One https,46134.27
HUDCO,A,HUDCO----Hudco U D C O,46038
NATIONALUM,A,NATIONALUM----Nationalum Aluminium,46008.54
UBL,A,UBL----Ubl Breweries,45660.12
AIIL,A,AIIL----Aiil Invest,45335.6
LTTS,A,LTTS----Ltts Technology,45250.49
MAHABANK,A,MAHABANK----Mahabank of Maha,45126.49
GODFRYPHLP,A,GODFRYPHLP----Godfryphlp Phillips,45055.24
BALKRISIND,A,BALKRISIND----Balkrisind Inds,44873.09
PREMIERENE,A,PREMIERENE----Premierene Energies,44846.16
COCHINSHIP,A,COCHINSHIP----Cochinship Shipyard,44681.2
SUPREMEIND,A,SUPREMEIND----Supremeind Inds.,44134.52
RADICO,A,RADICO----Radico Khaitan,43799.3
HEXT,A,HEXT----Hext Tech.,43596.29
JKCEMENT,A,JKCEMENT----Jkcement K Cements,43461.8
ITCHOTELS,A,ITCHOTELS----Itchotels Hotels,43458.69
PAGEIND,A,PAGEIND----Pageind Industries,43400.88
GLAXO,A,GLAXO----Glaxo Pharma,42320.15
PGHH,A,PGHH----Pghh & G Hygiene,41780.83
NH,A,NH----Nh Hrudaya,41716.73
PETRONET,A,PETRONET----Petronet LNG,41272.5
EMBASSY,A,EMBASSY----Embassy Off.REIT,41009.52
IREDA,A,IREDA----Ireda Renewable,40565.35
ESCORTS,A,ESCORTS----Escorts Kubota,40446.77
3MINDIA,A,3MINDIA----3Mindia India,40017
KAYNES,A,KAYNES----Kaynes Tech,39461
KEI,A,KEI----Kei Industries,39052.92
ASTRAL,A,ASTRAL----Astral https,39033.46
CONCOR,A,CONCOR----Concor Corpn.,38933.91
JUBLFOOD,A,JUBLFOOD----Jublfood Food.,38838.62
PWL,A,PWL----Pwl https,38675.58
UCOBANK,A,UCOBANK----Ucobank Bank,38496.45
PIRAMALFIN,A,PIRAMALFIN----Piramalfin Finance.,38428.77
POONAWALLA,A,POONAWALLA----Poonawalla Fin,38299.54
FLUOROCHEM,A,FLUOROCHEM----Fluorochem Fluoroch,38214.67
ENDURANCE,A,ENDURANCE----Endurance Tech.,38107.51
TATAINVEST,A,TATAINVEST----Tatainvest Inv.Corpn.,37956.97
DALBHARAT,A,DALBHARAT----Dalbharat BharatLtd,37675.3
KPRMILL,A,KPRMILL----Kprmill P R Mill Ltd,37214.84
APARINDS,A,APARINDS----Aparinds Inds.,36840.35
IPCALAB,A,IPCALAB----Ipcalab Labs.,36666.76
BLUESTARCO,A,BLUESTARCO----Bluestarco Star,36476.61
ANTHEM,A,ANTHEM----Anthem Bioscienc,35648.58
AWL,A,AWL----Awl Agri Busine.,35624.2
GODREJIND,A,GODREJIND----Godrejind Industrie,35352.56
AIAENG,A,AIAENG----Aiaeng Engineering,34892.64
CHOLAHLDNG,A,CHOLAHLDNG----Cholahldng Financial,34622.61
CENTRALBK,A,CENTRALBK----Centralbk Bank,34431.53
ACC,A,ACC----Acc https,34405.04
THERMAX,A,THERMAX----Thermax https,34387
NLCINDIA,A,NLCINDIA----Nlcindia India,34069.24
ASTERDM,A,ASTERDM----Asterdm DM Health.,33708.49
CDSL,A,CDSL----Cdsl D S L,33653.18
TATAELXSI,A,TATAELXSI----Tataelxsi Elxsi,33086.37
CRISIL,A,CRISIL----Crisil https,33075.15
MEDANTA,A,MEDANTA----Medanta Health,32986.05
APOLLOTYRE,A,APOLLOTYRE----Apollotyre Tyres,32555.12
GODIGIT,A,GODIGIT----Godigit Digit General,32354.14
GRSE,A,GRSE----Grse Reach Sh.,32267.04
MSUMI,A,MSUMI----Msumi Wiring,32077.81
KPITTECH,A,KPITTECH----Kpittech Technologi.,32066.11
EXIDEIND,A,EXIDEIND----Exideind Inds.,31913.13
SJVN,A,SJVN----Sjvn https,31835.35
SONACOMS,A,SONACOMS----Sonacoms BLW Precis.,31297.31
DELHIVERY,A,DELHIVERY----Delhivery https,31279.64
METROBRAND,A,METROBRAND----Metrobrand Brands,31142.77
AJANTPHARM,A,AJANTPHARM----Ajantpharm Pharma,31028.06
NAVINFLUOR,A,NAVINFLUOR----Navinfluor Fluo.Intl.,30601.26
NBCC,A,NBCC----Nbcc https,30415.19
HINDCOPPER,A,HINDCOPPER----Hindcopper Copper,30388.35
HONAUT,A,HONAUT----Honaut Auto,30136.37
LICHSGFIN,A,LICHSGFIN----Lichsgfin Housing Fin.,30025.24
MRPL,A,MRPL----Mrpl R P L,29848.39
GLAND,A,GLAND----Gland Pharma,29824.17
TVSHLTD,A,TVSHLTD----Tvshltd Holdings,29250.62
AEGISVOPAK,A,AEGISVOPAK----Aegisvopak Vopak Term,28929.84
STARHEALTH,A,STARHEALTH----Starhealth Health Insu,28916.64
NIACL,A,NIACL----Niacl India Assura,28780.3
ITI,A,ITI----Iti https,28620.54
MINDSPACE,A,MINDSPACE----Mindspace Busine,28436.04
IGL,A,IGL----Igl Gas,28197.41
NHIT,A,NHIT----Nhit High,27987.5
GUJGASLTD,A,GUJGASLTD----Gujgasltd Gas,27429.08
TATATECH,A,TATATECH----Tatatech Technolog.,27206.95
JBCHEPHARM,A,JBCHEPHARM----Jbchepharm B Chemicals &,27157.12
PINELABS,A,PINELABS----Pinelabs Labs,27106.31
GILLETTE,A,GILLETTE----Gillette India,26968.14
IKS,A,IKS----Iks Knowl,26944.74
AEGISLOG,A,AEGISLOG----Aegislog Logistics,26881
KIMS,A,KIMS----Kims Institu.,26805.34
ATHERENERG,A,ATHERENERG----Atherenerg Energy,26407.13
IRB,A,IRB----Irb Infra.Devl.,26390.32
LALPATHLAB,A,LALPATHLAB----Lalpathlab Lal Pathlabs,26346.68
NUVAMA,A,NUVAMA----Nuvama Wealth,26304.31
PTCIL,A,PTCIL----Ptcil Industries,25813.02
EMCURE,A,EMCURE----Emcure Pharma,25636.1
FSL,A,FSL----Fsl Solu.,25406.91
SYNGENE,A,SYNGENE----Syngene Intl.,25358.96
AMBER,A,AMBER----Amber Enterp.,25311.02
ASAHIINDIA,A,ASAHIINDIA----Asahiindia India Glas,25050.68
PPLPHARMA,A,PPLPHARMA----Pplpharma Pharma,25032.45
ANGELONE,A,ANGELONE----Angelone One,24954.43
HBLENGINE,A,HBLENGINE----Hblengine Engineering,24877.64
ZFCVINDIA,A,ZFCVINDIA----Zfcvindia Commercial,24628.99
NXST,A,NXST----Nxst Select,24261.33
AFFLE,A,AFFLE----Affle i,24185.22
BANDHANBNK,A,BANDHANBNK----Bandhanbnk Bank,24016.43
KARURVYSYA,A,KARURVYSYA----Karurvysya Vysya Bank,23914.58
RAMCOCEM,A,RAMCOCEM----Ramcocem Ramco Cement,23876.14
INOXWIND,A,INOXWIND----Inoxwind Wind,23806.49
ANANDRATHI,A,ANANDRATHI----Anandrathi Rathi Wea.,23721.02
MANAPPURAM,A,MANAPPURAM----Manappuram Fin.,23463.02
EIHOTEL,A,EIHOTEL----Eihotel https,23422.99
HATSUN,A,HATSUN----Hatsun Agro,23302.88
PNBHOUSING,A,PNBHOUSING----Pnbhousing Housing,23111.02
TIMKEN,A,TIMKEN----Timken India,23083.57
DEEPAKNTR,A,DEEPAKNTR----Deepakntr Nitrite,23063.48
SHYAMMETL,A,SHYAMMETL----Shyammetl Metalics,23005.39
IIFL,A,IIFL----Iifl Finance,22951.3
PFIZER,A,PFIZER----Pfizer https,22923.11
WELCORP,A,WELCORP----Welcorp Corp,22886.21
CESC,A,CESC----Cesc https,22764.94
SAGILITY,A,SAGILITY----Sagility https,22704.11
ERIS,A,ERIS----Eris Lifescience,22668.61
JYOTICNC,A,JYOTICNC----Jyoticnc CNC Auto.,22571.74
SUMICHEM,A,SUMICHEM----Sumichem Chemi.,22561.28
COHANCE,A,COHANCE----Cohance Life,22546.62
ASTRAZEN,A,ASTRAZEN----Astrazen Phar,22524.01
EMAMILTD,A,EMAMILTD----Emamiltd https,22448.78
FORCEMOT,A,FORCEMOT----Forcemot Motors,22270.47
REDINGTON,A,REDINGTON----Redington https,22238.55
HSCL,A,HSCL----Hscl Special,22211.65
ANANTRAJ,A,ANANTRAJ----Anantraj Raj,21966.91
BRIGADE,A,BRIGADE----Brigade Enterpr.,21958.79
ECLERX,A,ECLERX----Eclerx Services,21892.29
CREDITACC,A,CREDITACC----Creditacc Gram.,21691.63
KIOCL,A,KIOCL----Kiocl https,21433.18
WOCKPHARMA,A,WOCKPHARMA----Wockpharma https,21310.82
NEULANDLAB,A,NEULANDLAB----Neulandlab Labs.,21298.36
ABSLAMC,A,ABSLAMC----Abslamc AMC,21212.6
SUNTV,A,SUNTV----Suntv TV Network,21144.61
PSB,A,PSB----Psb & Sind Bank,21095.32
KPIL,A,KPIL----Kpil Proj.,21033.23
BIRET,A,BIRET----Biret India,20967.87
AADHARHFC,A,AADHARHFC----Aadharhfc Hsg. Fin.,20933.59
URBANCO,A,URBANCO----Urbanco Company,20710.95
TATACHEM,A,TATACHEM----Tatachem Chemicals,20635.56
BAYERCROP,A,BAYERCROP----Bayercrop Crop Sci.,20463.29
SUNDRMFAST,A,SUNDRMFAST----Sundrmfast Fasten.,19993.77
DCMSHRIRAM,A,DCMSHRIRAM----Dcmshriram Shriram,19718.3
CHALET,A,CHALET----Chalet Hotels,19591.51
CPPLUS,A,CPPLUS----Cpplus Infotech,19572.06
CAMS,A,CAMS----Cams Services,19554.5
CUB,A,CUB----Cub Union Bank,19479.85
ABREL,A,ABREL----Abrel B Real Estate,19459.47
JSWHL,A,JSWHL----Jswhl Holdings,19277.37
TENNIND,A,TENNIND----Tennind Clean,19191.52
RBLBANK,A,RBLBANK----Rblbank Bank,19153.12
BASF,A,BASF----Basf India,19033.61
POLYMED,A,POLYMED----Polymed Medicure,18997.37
KANSAINER,A,KANSAINER----Kansainer Nerolac,18812.77
NETWEB,A,NETWEB----Netweb Technol.,18730.95
CASTROLIND,A,CASTROLIND----Castrolind India,18694.43
ONESOURCE,A,ONESOURCE----Onesource Speci.,18664.26
KEC,A,KEC----Kec International,18614.03
TBOTEK,A,TBOTEK----Tbotek Tek,18590.67
CUBEINVIT,A,CUBEINVIT----Cubeinvit Highways,18548.16
OLAELEC,A,OLAELEC----Olaelec Electric,18476.97
CHAMBLFERT,A,CHAMBLFERT----Chamblfert Fert.,18387.91
KFINTECH,A,KFINTECH----Kfintech Technolog.,18366.68
CGCL,A,CGCL----Cgcl Global,18304.76
FIVESTAR,A,FIVESTAR----Fivestar Star Bus.Fi,18221.33
ABDL,A,ABDL----Abdl Blenders,18177.14
EIDPARRY,A,EIDPARRY----Eidparry Parry,18126.62
SAILIFE,A,SAILIFE----Sailife Life,18099
DEEPAKFERT,A,DEEPAKFERT----Deepakfert Fertilis.,17910.55
INDIGRID,A,INDIGRID----Indigrid Trust,17897.75
BIKAJI,A,BIKAJI----Bikaji Foods,17896.81
DEVYANI,A,DEVYANI----Devyani Intl.,17791.53
TRAVELFOOD,A,TRAVELFOOD----Travelfood Food,17773.45
APLLTD,A,APLLTD----Aplltd Pharma,17724.13
SCHNEIDER,A,SCHNEIDER----Schneider Elect.,17712.78
ATUL,A,ATUL----Atul https,17584.6
ARE&M,A,ARE&M----Are&M Raja Ener.,17462.37
SARDAEN,A,SARDAEN----Sardaen Energy,17268.44
CROMPTON,A,CROMPTON----Crompton Gr. Con,17215.06
KAJARIACER,A,KAJARIACER----Kajariacer Ceramics,17162.43
TRITURBINE,A,TRITURBINE----Triturbine Turbine,17134.12
JSWCEMENT,A,JSWCEMENT----Jswcement Cement,16960.26
DATAPATTNS,A,DATAPATTNS----Datapattns Pattern,16942.99
KIRLOSENG,A,KIRLOSENG----Kirloseng Oil,16922.14
JUBLPHARMA,A,JUBLPHARMA----Jublpharma Pharmo,16849.97
PGEL,A,PGEL----Pgel Electroplast,16848.5
GRINDWELL,A,GRINDWELL----Grindwell Norton,16836.06
VENTIVE,A,VENTIVE----Ventive Hospital,16823.07
GSPL,A,GSPL----Gspl St.Petronet,16819.19
CENTURYPLY,A,CENTURYPLY----Centuryply Plyboard,16762.21
MAHSCOOTER,A,MAHSCOOTER----Mahscooter Scooters,16734.33
GPIL,A,GPIL----Gpil Power,16721.37
VERTIS,A,VERTIS----Vertis Infra.,16609.82
FIRSTCRY,A,FIRSTCRY----Firstcry Solut.,16543.09
VINATIORGA,A,VINATIORGA----Vinatiorga Organics,16534.1
LMW,A,LMW----Lmw https,16398.2
SOBHA,A,SOBHA----Sobha https,16340.6
CHOICEIN,A,CHOICEIN----Choicein Intl.,16305.09
ZENSARTECH,A,ZENSARTECH----Zensartech Tech.,16132.14
SYRMA,A,SYRMA----Syrma SGS Tech.,16122.4
EMMVEE,A,EMMVEE----Emmvee Photovol.,16113.63
RATNAMANI,A,RATNAMANI----Ratnamani Metals,16081.32
CRAFTSMAN,A,CRAFTSMAN----Craftsman Auto,16077.64
RPOWER,A,RPOWER----Rpower Power,16063.33
BEML,A,BEML----Beml Ltd,15848.93
CIEINDIA,A,CIEINDIA----Cieindia Automotive,15749.28
CEATLTD,A,CEATLTD----Ceatltd https,15690.39
SIGNATURE,A,SIGNATURE----Signature https,15688.74
GESHIP,A,GESHIP----Geship Shipping Co,15672.22
AGARWALEYE,A,AGARWALEYE----Agarwaleye Agarwal's Hea,15631.47
ABLBL,A,ABLBL----Ablbl B Lifestyle,15608.08
ELGIEQUIP,A,ELGIEQUIP----Elgiequip Equipments,15608.01
CARBORUNIV,A,CARBORUNIV----Carboruniv Uni.,15578
GMDCLTD,A,GMDCLTD----Gmdcltd M D C,15539.4
NATCOPHARM,A,NATCOPHARM----Natcopharm Pharma,15489.42
AKZOINDIA,A,AKZOINDIA----Akzoindia Nobel,15445.89
NAVA,A,NAVA----Nava https,15381.84
DOMS,A,DOMS----Doms Industries,15293.01
RRKABEL,A,RRKABEL----Rrkabel R Kabel,15288.35
IRCON,A,IRCON----Ircon Intl.,15265.49
CHENNPETRO,A,CHENNPETRO----Chennpetro P C L,15261.44
INTELLECT,A,INTELLECT----Intellect Design,15197.9
VGUARD,A,VGUARD----Vguard Guard Industri,15097.49
WHIRLPOOL,A,WHIRLPOOL----Whirlpool India,14980.35
CONCORDBIO,A,CONCORDBIO----Concordbio Biotech,14950.07
MANYAVAR,A,MANYAVAR----Manyavar Fashions,14783.36
JAINREC,A,JAINREC----Jainrec Resource,14776.66
UTIAMC,A,UTIAMC----Utiamc AMC,14758.13
GABRIEL,A,GABRIEL----Gabriel India,14642.55
CAPLIPOINT,A,CAPLIPOINT----Caplipoint Point Lab,14603.38
JBMA,A,JBMA----Jbma Auto,14526.8
TRIDENT,A,TRIDENT----Trident https,14467.39
CARTRADE,A,CARTRADE----Cartrade Tech,14455.03
ACMESOLAR,A,ACMESOLAR----Acmesolar Solar Hold.,14434.02
SWANCORP,A,SWANCORP----Swancorp Corp,14405.15
AFCONS,A,AFCONS----Afcons Infrastr.,14372.85
BELRISE,A,BELRISE----Belrise Industri,14349.29
GALLANTT,A,GALLANTT----Gallantt Ispat L,14332.13
MINDACORP,A,MINDACORP----Mindacorp Corp,14243.03
LTFOODS,A,LTFOODS----Ltfoods T Foods,14218.26
ANURAS,A,ANURAS----Anuras Rasayan,14216.91
IFCI,A,IFCI----Ifci https,14145.23
IGIL,A,IGIL----Igil Ge,14052.76
INDIAMART,A,INDIAMART----Indiamart Inter.,14051.57
ZYDUSWELL,A,ZYDUSWELL----Zyduswell Wellness,14043.41
THELEELA,A,THELEELA----Theleela Palaces Hotels,13988.24
NIVABUPA,A,NIVABUPA----Nivabupa Bupa Health,13962.25
AARTIIND,A,AARTIIND----Aartiind Industries,13948.99
ACUTAAS,A,ACUTAAS----Acutaas Chemical,13928
FINEORG,A,FINEORG----Fineorg Organic,13894.85
APTUS,A,APTUS----Aptus Value Hou.,13858.44
BLUEDART,A,BLUEDART----Bluedart Dart Expres,13786.49
JPPOWER,A,JPPOWER----Jppower Power Ven.,13720.11
TECHNOE,A,TECHNOE----Technoe Elec.Engg,13607.2
KIRLOSBROS,A,KIRLOSBROS----Kirlosbros Brothers,13527.12
RAINBOW,A,RAINBOW----Rainbow Child.,13505.85
JMFINANCIL,A,JMFINANCIL----Jmfinancil Financial,13395.54
CEMPRO,A,CEMPRO----Cempro Project,13376.04
CCL,A,CCL----Ccl Products,13332.08
WELSPUNLIV,A,WELSPUNLIV----Welspunliv Living,13307.54
CELLO,A,CELLO----Cello World,13229.92
GRANULES,A,GRANULES----Granules India,13212.03
BLS,A,BLS----Bls Internat.,13210.76
SAMMAANCAP,A,SAMMAANCAP----Sammaancap Capital,13161.01
USHAMART,A,USHAMART----Ushamart Martin,13154.51
VTL,A,VTL----Vtl Textile,13067.41
PCBL,A,PCBL----Pcbl Chemical,13047.28
NUVOCO,A,NUVOCO----Nuvoco Vistas,13014.56
BBTC,A,BBTC----Bbtc Burmah,13001.07
PFOCUS,A,PFOCUS----Pfocus Focus,12996.57
AAVAS,A,AAVAS----Aavas Financiers,12924.37
BATAINDIA,A,BATAINDIA----Bataindia India,12854.07
NEWGEN,A,NEWGEN----Newgen Software,12831.48
ZENTEC,A,ZENTEC----Zentec Technologies,12766.34
JWL,A,JWL----Jwl Wagons,12667.03
TEGA,A,TEGA----Tega Inds.,12666.43
IEX,A,IEX----Iex Energy Ex,12577.42
GRAVITA,A,GRAVITA----Gravita India,12563.67
PARADEEP,A,PARADEEP----Paradeep Phosph.,12556.85
INDIACEM,A,INDIACEM----Indiacem Cements,12509.02
KSB,A,KSB----Ksb https,12498.39
CYIENT,A,CYIENT----Cyient https,12451.2
SPLPETRO,A,SPLPETRO----Splpetro Petroch.,12385.54
PRIVISCL,A,PRIVISCL----Priviscl Speci.,12276.38
INGERRAND,A,INGERRAND----Ingerrand Rand,12273.79
INDGN,A,INDGN----Indgn https,12249.51
JKTYRE,A,JKTYRE----Jktyre Tyre & Indust,12236.34
AETHER,A,AETHER----Aether Industri.,12225.18
LEMONTREE,A,LEMONTREE----Lemontree Tree Hotel,12169.61
HOMEFIRST,A,HOMEFIRST----Homefirst First Finan,12134.43
NSLNISP,A,NSLNISP----Nslnisp Steel,12062.33
MGL,A,MGL----Mgl Gas,11999.01
RITES,A,RITES----Rites https,11853.65
CANFINHOME,A,CANFINHOME----Canfinhome Fin Homes,11785.48
SBFC,A,SBFC----Sbfc Finance,11784.74
AVANTIFEED,A,AVANTIFEED----Avantifeed Feeds,11727.94
CANHLIFE,A,CANHLIFE----Canhlife HSBC,11655.52
TSFINV,A,TSFINV----Tsfinv Investments,11604.92
FINCABLES,A,FINCABLES----Fincables Cables,11593.58
SHRIPISTON,A,SHRIPISTON----Shripiston Pistons,11590.87
IXIGO,A,IXIGO----Ixigo Travenues,11589.14
BLACKBUCK,A,BLACKBUCK----Blackbuck https,11588.39
J&KBANK,A,J&KBANK----J&Kbank & K Bank,11565.77
ELECON,A,ELECON----Elecon Engg.Co,11545.26
JUBLINGREA,A,JUBLINGREA----Jublingrea Ingrev.,11491.24
TITAGARH,A,TITAGARH----Titagarh Rail,11451.85
ACE,A,ACE----Ace Const.Eq.,11432.61
SHAILY,A,SHAILY----Shaily Engineer.,11407.01
JYOTHYLAB,A,JYOTHYLAB----Jyothylab Labs,11381.81
EUREKAFORB,A,EUREKAFORB----Eurekaforb Forbes,11369.67
TDPOWERSYS,A,TDPOWERSYS----Tdpowersys Power Systems,11329.92
WAAREERTL,A,WAAREERTL----Waareertl Renewab.,11323.73
FINPIPE,A,FINPIPE----Finpipe Inds.,11279.06
SCI,A,SCI----Sci C I,11265.5
RUBICON,A,RUBICON----Rubicon Research,11184.49
SAFARI,A,SAFARI----Safari Inds.,11108.47
ALIVUS,A,ALIVUS----Alivus Life,11066.06
GODREJAGRO,A,GODREJAGRO----Godrejagro Agrovet,11045.39
NCC,A,NCC----Ncc https,11021.93
ENGINERSIN,A,ENGINERSIN----Enginersin India,10999.22
RAILTEL,A,RAILTEL----Railtel Corpn.,10985.69
EMBDL,A,EMBDL----Embdl Develop,10978.2
SANOFICONR,A,SANOFICONR----Sanoficonr Consumer,10948.35
AZAD,A,AZAD----Azad Engineering,10934
OLECTRA,A,OLECTRA----Olectra Greentec,10902.39
GRAPHITE,A,GRAPHITE----Graphite India,10824.1
PVRINOX,A,PVRINOX----Pvrinox Inox,10749
BSOFT,A,BSOFT----Bsoft Ltd,10631.83
EDELWEISS,A,EDELWEISS----Edelweiss Fin.,10582.35
GRINFRA,A,GRINFRA----Grinfra R Infraproject,10573.83
JINDALSAW,A,JINDALSAW----Jindalsaw Saw,10495.94
UJJIVANSFB,A,UJJIVANSFB----Ujjivansfb Small,10495.08
INOXINDIA,A,INOXINDIA----Inoxindia India,10434.19
VIKRAMSOLR,A,VIKRAMSOLR----Vikramsolr Solar,10408.79
SANOFI,A,SANOFI----Sanofi India,10393.89
VIJAYA,A,VIJAYA----Vijaya Diagnost.,10332.67
HFCL,A,HFCL----Hfcl https,10329.72
HCG,A,HCG----Hcg Global,10196.72
RELAXO,A,RELAXO----Relaxo Footwear,10164.22
METROPOLIS,A,METROPOLIS----Metropolis Healt,10139.22
BANCOINDIA,A,BANCOINDIA----Bancoindia Products,10127.34
TI,A,TI----Ti Inds.,10123.1
GENUSPOWER,A,GENUSPOWER----Genuspower Power,10106.99
PRUDENT,A,PRUDENT----Prudent Corp.,10075.12
VARROC,A,VARROC----Varroc Engineer,10036.61
SONATSOFTW,A,SONATSOFTW----Sonatsoftw Software,10026.87
SANSERA,A,SANSERA----Sansera Enginee.,10004.8
SOUTHBANK,A,SOUTHBANK----Southbank Ind.Bank,9996.43
LATENTVIEW,A,LATENTVIEW----Latentview View,9985.9
TTML,A,TTML----Ttml Tele. Mah.,9952.54
JKLAKSHMI,A,JKLAKSHMI----Jklakshmi Lakshmi Cem.,9879.09
SANDUMA,A,SANDUMA----Sanduma Manganese,9854.28
TIMETECHNO,A,TIMETECHNO----Timetechno Technoplast,9741.91
CLEAN,A,CLEAN----Clean Science,9737.89
HEG,A,HEG----Heg https,9732.51
RKFORGE,A,RKFORGE----Rkforge Forg.,9698.59
PGHL,A,PGHL----Pghl & G Health Ltd,9694.36
SKFINDIA,A,SKFINDIA----Skfindia India,9691.8
VESUVIUS,A,VESUVIUS----Vesuvius India,9691.43
BLUEJET,A,BLUEJET----Bluejet Jet Health,9629.17
NAZARA,A,NAZARA----Nazara Technolo.,9611.71
HAPPYFORGE,A,HAPPYFORGE----Happyforge Forgings,9574.49
INDIASHLTR,A,INDIASHLTR----Indiashltr SHELTE FIN,9558.75
RHIM,A,RHIM----Rhim Magnesita,9550.76
KRBL,A,KRBL----Krbl https,9511.65
ASKAUTOLTD,A,ASKAUTOLTD----Askautoltd Automotive,9496.34
JLHL,A,JLHL----Jlhl Life Lin,9460.29
GRWRHITECH,A,GRWRHITECH----Grwrhitech Hi Tech,9435
ZEEL,A,ZEEL----Zeel Entertainmen,9415.98
THANGAMAYL,A,THANGAMAYL----Thangamayl Jew.,9409.51
IIFLCAPS,A,IIFLCAPS----Iiflcaps Capital,9394.94
ABFRL,A,ABFRL----Abfrl Bir. Fas.,9367.18
MMTC,A,MMTC----Mmtc https,9352.77
HONASA,A,HONASA----Honasa Consumer,9336.4
MAPMYINDIA,A,MAPMYINDIA----Mapmyindia E. Info System,9322.94
ASTRAMICRO,A,ASTRAMICRO----Astramicro Microwave,9274.67
MEDPLUS,A,MEDPLUS----Medplus Health,9197.54
TARIL,A,TARIL----Taril R I L,9154.86
TTKPRESTIG,A,TTKPRESTIG----Ttkprestig Prestige,9137.62
ORKLAINDIA,A,ORKLAINDIA----Orklaindia India,9127.67
ARVIND,A,ARVIND----Arvind Ltd,9121.51
APOLLO,A,APOLLO----Apollo Micro Sys,9120.29
LUMAXTECH,A,LUMAXTECH----Lumaxtech Auto Tech.,9100.82
BALRAMCHIN,A,BALRAMCHIN----Balramchin Chini,9093.68
STARCEMENT,A,STARCEMENT----Starcement Cement,9081.68
GMRP&UI,A,GMRP&UI----Gmrp&Ui Urban,9058.14
CUPID,A,CUPID----Cupid https,9027.87
ALKYLAMINE,A,ALKYLAMINE----Alkylamine Amines,8954.53
TEJASNET,A,TEJASNET----Tejasnet Networks,8918.3
KPIGREEN,A,KPIGREEN----Kpigreen Green Energy,8867.55
BIRLACORPN,A,BIRLACORPN----Birlacorpn Corpn.,8805.25
TCI,A,TCI----Tci Corp.,8783.54
BBOX,A,BBOX----Bbox Box,8774.28
NESCO,A,NESCO----Nesco https,8710.32
ESABINDIA,A,ESABINDIA----Esabindia India,8707.36
LLOYDSENT,A,LLOYDSENT----Lloydsent Enterpris,8698.22
MARKSANS,A,MARKSANS----Marksans Pharma,8693.91
PGINVIT,A,PGINVIT----Pginvit Infra.,8691.4
TRANSRAILL,A,TRANSRAILL----Transraill Light,8683
WABAG,A,WABAG----Wabag Tech Wabag,8677.69
JSLL,A,JSLL----Jsll Sikho,8603.97
BLUESTONE,A,BLUESTONE----Bluestone Jewel,8601.88
GPPL,A,GPPL----Gppl Pipavav Port,8598.45
WESTLIFE,A,WESTLIFE----Westlife Food,8574.93
PNGJL,A,PNGJL----Pngjl N Gadgil Jewe.,8571.98
INOXGREEN,A,INOXGREEN----Inoxgreen Green,8548.85
SHAKTIPUMP,A,SHAKTIPUMP----Shaktipump Pumps,8510.71
V2RETAIL,A,V2RETAIL----V2Retail Retail,8503.48
ALOKINDS,A,ALOKINDS----Alokinds Industries,8440.96
RELIGARE,A,RELIGARE----Religare Enterp.,8339.91
WEWORK,A,WEWORK----Wework India,8317.44
MAHLIFE,A,MAHLIFE----Mahlife Life.,8313.33
LOTUSDEV,A,LOTUSDEV----Lotusdev Lotus,8310.75
BORORENEW,A,BORORENEW----Bororenew Renew.,8278.1
STAR,A,STAR----Star Pharma,8246.35
SAPPHIRE,A,SAPPHIRE----Sapphire Foods,8199.97
VOLTAMP,A,VOLTAMP----Voltamp Transform.,8174.69
THYROCARE,A,THYROCARE----Thyrocare Tech.,8152.32
RATEGAIN,A,RATEGAIN----Rategain Travel,8082.9
RCF,A,RCF----Rcf C F,8076.72
SUDARSCHEM,A,SUDARSCHEM----Sudarschem Chem.,8063.39
PGIL,A,PGIL----Pgil Global Ind,8018.72
MTARTECH,A,MTARTECH----Mtartech Technologie,8010.74
CAMPUS,A,CAMPUS----Campus Activewe.,7965.14
BECTORFOOD,A,BECTORFOOD----Bectorfood Bectors,7956.01
TRIVENI,A,TRIVENI----Triveni Engg.Ind.,7918.64
TMB,A,TMB----Tmb N Merc. Bank,7861.39
MANORAMA,A,MANORAMA----Manorama Indust.,7850.68
PRICOLLTD,A,PRICOLLTD----Pricolltd Ltd,7770.22
ETHOSLTD,A,ETHOSLTD----Ethosltd Ltd,7770.14
PCJEWELLER,A,PCJEWELLER----Pcjeweller Jeweller,7761.06
MAHSEAMLES,A,MAHSEAMLES----Mahseamles Seamless,7673.72
TANLA,A,TANLA----Tanla Platforms,7663.82
DIACABS,A,DIACABS----Diacabs Power,7614.2
HAPPSTMNDS,A,HAPPSTMNDS----Happstmnds Minds,7565.78
LLOYDSENGG,A,LLOYDSENGG----Lloydsengg Engineeri,7555.08
KIRLFER,A,KIRLFER----Kirlfer Ferrous,7542.57
POWERMECH,A,POWERMECH----Powermech Mech Proj.,7499.3
MAXESTATES,A,MAXESTATES----Maxestates Estates,7489.1
GSFC,A,GSFC----Gsfc S F C,7476.46
THOMASCOOK,A,THOMASCOOK----Thomascook Cook (I),7469.63
ATLANTAELE,A,ATLANTAELE----Atlantaele Electric,7424.38
KALPATARU,A,KALPATARU----Kalpataru https,7358.36
WELENT,A,WELENT----Welent Enterp,7357.38
DBREALTY,A,DBREALTY----Dbrealty Estate,7350.95
AJAXENGG,A,AJAXENGG----Ajaxengg Engineering,7336.51
YATHARTH,A,YATHARTH----Yatharth Hospit.,7321.79
GALAXYSURF,A,GALAXYSURF----Galaxysurf Surfact.,7313.39
EQUITASBNK,A,EQUITASBNK----Equitasbnk Sma. Fin,7308.88
GNFC,A,GNFC----Gnfc N F C,7230.95
SAREGAMA,A,SAREGAMA----Saregama India,7221.98
DODLA,A,DODLA----Dodla Dairy,7221.16
SHARDACROP,A,SHARDACROP----Shardacrop Cropchem,7220.64
CERA,A,CERA----Cera Sanitary.,7213.48
CSBBANK,A,CSBBANK----Csbbank Bank,7179.5
JAYNECOIND,A,JAYNECOIND----Jaynecoind Neco,7155.23
BALUFORGE,A,BALUFORGE----Baluforge Forge,7151.07
KTKBANK,A,KTKBANK----Ktkbank Bank,7137.02
GARFIBRES,A,GARFIBRES----Garfibres Tech.,7122.83
REDTAPE,A,REDTAPE----Redtape https,7092.6
KIRLPNU,A,KIRLPNU----Kirlpnu Pneumatic,7080.59
PRSMJOHNSN,A,PRSMJOHNSN----Prsmjohnsn Johnson,7050.63
IMFA,A,IMFA----Imfa Metals,7043.54
MASTEK,A,MASTEK----Mastek https,7031.97
OSWALPUMPS,A,OSWALPUMPS----Oswalpumps Pumps,6995.48
INDIAGLYCO,A,INDIAGLYCO----Indiaglyco Glycols,6983.82
AVL,A,AVL----Avl Vision,6983.81
DBL,A,DBL----Dbl Buildcon,6971.58
NETWORK18,A,NETWORK18----Network18 Media,6945.17
ASHAPURMIN,A,ASHAPURMIN----Ashapurmin Minech.,6935.4
IFBIND,A,IFBIND----Ifbind Industries,6877.57
GOKEX,A,GOKEX----Gokex Exports,6872.06
SHILPAMED,A,SHILPAMED----Shilpamed Medicare,6854.21
RAYMONDLSL,A,RAYMONDLSL----Raymondlsl Lifestyl,6837.42
RELINFRA,A,RELINFRA----Relinfra Infra.,6819.45
RUSTOMJEE,A,RUSTOMJEE----Rustomjee Realtor,6758.59
PNCINFRA,A,PNCINFRA----Pncinfra Infratech,6714.89
ARVINDFASN,A,ARVINDFASN----Arvindfasn Fashions.,6698.64
1285775,A,1285775----1285775 Pharma,6697.85
MHRIL,A,MHRIL----Mhril Holiday,6684.28
GANESHHOU,A,GANESHHOU----Ganeshhou Housing,6683.85
FDC,A,FDC----Fdc https,6680.19
ACI,A,ACI----Aci Chemical,6672.98
AKUMS,A,AKUMS----Akums Drugs,6631.01
MOIL,A,MOIL----Moil https,6625.54
AHLUCONT,A,AHLUCONT----Ahlucont Contr.,6621.72
SFL,A,SFL----Sfl Foam,6617.29
HNDFDS,A,HNDFDS----Hndfds Foods,6593.57
KOVAI,A,KOVAI----Kovai Medical,6549.39
AVALON,A,AVALON----Avalon Tech,6544.09
MIDHANI,A,MIDHANI----Midhani Dhatu Nig,6475.42
TIPSMUSIC,A,TIPSMUSIC----Tipsmusic Music,6445.93
UTLSOLAR,A,UTLSOLAR----Utlsolar Power,6401.85
EPL,A,EPL----Epl Ltd,6367.19
JUSTDIAL,A,JUSTDIAL----Justdial Dial,6363.96
SHREMINVIT,A,SHREMINVIT----Shreminvit InvIT,6352.78
VMART,A,VMART----Vmart Mart Retail,6338.38
GREENLAM,A,GREENLAM----Greenlam Industr,6326.36
JAIBALAJI,A,JAIBALAJI----Jaibalaji Balaji Inds.,6311.18
AARTIPHARM,A,AARTIPHARM----Aartipharm Pharma,6291.36
SMARTWORKS,A,SMARTWORKS----Smartworks Cowor,6286
JKPAPER,A,JKPAPER----Jkpaper Paper,6274.67
DYNAMATECH,A,DYNAMATECH----Dynamatech Tech.,6266.08
EPIGRAL,A,EPIGRAL----Epigral https,6257.67
SUPRAJIT,A,SUPRAJIT----Suprajit Engg.,6256.39
AXISCADES,A,AXISCADES----Axiscades Tech.,6254.77
ICIL,A,ICIL----Icil Count Inds.,6249.73
ISGEC,A,ISGEC----Isgec Heavy,6187.31
PRAJIND,A,PRAJIND----Prajind Industries,6152.18
PICCADIL,A,PICCADIL----Piccadil Agro,6132.53
INDIGOPNTS,A,INDIGOPNTS----Indigopnts Paints,6114.75
SUNTECK,A,SUNTECK----Sunteck Realty,6104.19
CRAMC,A,CRAMC----Cramc Robeco,6090.13
RTNINDIA,A,RTNINDIA----Rtnindia Ent,6066.75
QPOWER,A,QPOWER----Qpower Power El,6053.89
SEQUENT,A,SEQUENT----Sequent Scien.,6050.53
SUPRIYA,A,SUPRIYA----Supriya Lifesci.,5985.33
DCBBANK,A,DCBBANK----Dcbbank Bank,5981.8
SYMPHONY,A,SYMPHONY----Symphony https,5978.57
RENUKA,A,RENUKA----Renuka Renuka Sugar,5957.59
FIEMIND,A,FIEMIND----Fiemind Industries,5941.74
AURIONPRO,A,AURIONPRO----Aurionpro Sol.,5921.7
ICRA,A,ICRA----Icra https,5908.86
PILANIINVS,A,PILANIINVS----Pilaniinvs Invest.,5894.28
GOKULAGRO,A,GOKULAGRO----Gokulagro Agro,5864.48
CMSINFO,A,CMSINFO----Cmsinfo Info Systems,5837.91
PARAS,A,PARAS----Paras Defence,5812.79
GULFOILLUB,A,GULFOILLUB----Gulfoillub Oil Lubric.,5794.56
LGBBROSLTD,A,LGBBROSLTD----Lgbbrosltd G Balakrishnan,5777.42
MASFIN,A,MASFIN----Masfin FINANC SER,5754.79
PURVA,A,PURVA----Purva https,5743.92
ELLEN,A,ELLEN----Ellen Indl.Gas,5722.53
GHCL,A,GHCL----Ghcl https,5715.91
BAJAJELEC,A,BAJAJELEC----Bajajelec Electrical,5626.54
HGINFRA,A,HGINFRA----Hginfra G. Infra Engg.,5606.67
INFIBEAM,A,INFIBEAM----Infibeam Avenues,5604.13
SURYAROSNI,A,SURYAROSNI----Suryarosni Roshni,5603.83
DHANUKA,A,DHANUKA----Dhanuka Agritech,5594.14
PDSL,A,PDSL----Pdsl https,5584.89
TIIL,A,TIIL----Tiil Inds.,5579.94
SUBROS,A,SUBROS----Subros https,5545.99
KINGFA,A,KINGFA----Kingfa Science,5522.39
SAATVIKGL,A,SAATVIKGL----Saatvikgl Green,5515.9
RAJESHEXPO,A,RAJESHEXPO----Rajeshexpo Exports,5504.31
SKIPPER,A,SKIPPER----Skipper https,5476.94
SWANDEF,A,SWANDEF----Swandef Defence,5458.13
SKYGOLD,A,SKYGOLD----Skygold Gold & Diam.,5448.12
RTNPOWER,A,RTNPOWER----Rtnpower Pow.,5434.55
SJS,A,SJS----Sjs Enterprises,5425.25
VIPIND,A,VIPIND----Vipind I P Inds.,5395.83
JUNIPER,A,JUNIPER----Juniper Hotels,5376.76
FEDFINA,A,FEDFINA----Fedfina Financi.,5354.71
GMMPFAUDLR,A,GMMPFAUDLR----Gmmpfaudlr Pfaudler,5349.85
SWSOLAR,A,SWSOLAR----Swsolar & Wils.,5334.35
SHARDAMOTR,A,SHARDAMOTR----Shardamotr Motor,5305.38
TEXRAIL,A,TEXRAIL----Texrail Rail,5296.15
INDOTHAI,A,INDOTHAI----Indothai Thai Sec.,5291.45
KENNAMET,A,KENNAMET----Kennamet India,5251.37
SENCO,A,SENCO----Senco Gold,5247.99
KSCL,A,KSCL----Kscl Seed Co.,5244.73
INDUSINVIT,A,INDUSINVIT----Indusinvit Inf. Trust,5240.49
ORIANA,A,ORIANA----Oriana Power Ltd,5238.79
KRN,A,KRN----Krn Heat Exchan,5166.48
STLTECH,A,STLTECH----Stltech Tech.,5164.15
STYL,A,STYL----Styl Tech.,5135.55
ZOTA,A,ZOTA----Zota Health Care,5111.35
ZAGGLE,A,ZAGGLE----Zaggle Prepaid,5103.85
DATAMATICS,A,DATAMATICS----Datamatics Glob.,5092.47
IONEXCHANG,A,IONEXCHANG----Ionexchang Exchange,5088.26
RESPONIND,A,RESPONIND----Responind Ind,5078.77
LXCHEM,A,LXCHEM----Lxchem Organic,5069.3
GAEL,A,GAEL----Gael Ambuja Exp,5043.26
EMUDHRA,A,EMUDHRA----Emudhra https,5035.13
TVSSCS,A,TVSSCS----Tvsscs Supply,5025.49
ITDC,A,ITDC----Itdc T D C,5020.55
ASHOKA,A,ASHOKA----Ashoka Buildcon,5017.02
BANSALWIRE,A,BANSALWIRE----Bansalwire Wire Inds,5005.08
E2E,A,E2E----E2E E Networks,4987.45
UNIMECH,A,UNIMECH----Unimech Aero.,4982.19
MANINFRA,A,MANINFRA----Maninfra Infra,4969.15
SPICEJET,A,SPICEJET----Spicejet https,4963.12
NIITMTS,A,NIITMTS----Niitmts Learning,4947.4
AGI,A,AGI----Agi Greenpac,4925.44
IBULLSLTD,A,IBULLSLTD----Ibullsltd https,4885.85
PACEDIGITK,A,PACEDIGITK----Pacedigitk Digitek,4875
OPTIEMUS,A,OPTIEMUS----Optiemus Infra.,4867.45
RALLIS,A,RALLIS----Rallis India,4863.67
SHILCTECH,A,SHILCTECH----Shilctech Tech.,4849.84
CHEMPLASTS,A,CHEMPLASTS----Chemplasts Sanmar,4845.51
SHREEJISPG,A,SHREEJISPG----Shreejispg Ship. Gl,4836.97
PTC,A,PTC----Ptc India,4820.49
WEBELSOLAR,A,WEBELSOLAR----Webelsolar Energy,4819.21
IRBINVIT,A,IRBINVIT----Irbinvit InvIT Fund,4816.88
EMIL,A,EMIL----Emil Mart,4812.38
CAPILLARY,A,CAPILLARY----Capillary Tech.,4810.26
RPEL,A,RPEL----Rpel Product.,4805.18
SHOPERSTOP,A,SHOPERSTOP----Shoperstop Stop,4796.39
GREAVESCOT,A,GREAVESCOT----Greavescot Cotton,4772.77
RSYSTEMS,A,RSYSTEMS----Rsystems Systems Intl.,4765.6
JCHAC,A,JCHAC----Jchac Con. Hit,4763.69
CIGNITITEC,A,CIGNITITEC----Cignititec Tech.,4755.36
NDRINVIT,A,NDRINVIT----Ndrinvit INVIT Trust,4752.15
INDIQUBE,A,INDIQUBE----Indiqube Spaces,4737.47
JSFB,A,JSFB----Jsfb Small Finan,4734.92
INDRAMEDCO,A,INDRAMEDCO----Indramedco Medical,4729.62
VRLLOG,A,VRLLOG----Vrllog Logistics,4725.04
CRIZAC,A,CRIZAC----Crizac https,4706.06
LUMAXIND,A,LUMAXIND----Lumaxind Industries,4688.92
ELECTCAST,A,ELECTCAST----Electcast Cast.,4654.36
ANUP,A,ANUP----Anup Anup Enginee,4626.83
ENTERO,A,ENTERO----Entero Healthcar,4624.54
KNRCON,A,KNRCON----Knrcon Construct.,4605.84
PRECWIRE,A,PRECWIRE----Precwire Wires (I),4600.29
JKIL,A,JKIL----Jkil Kumar Infra,4581.54
DBCORP,A,DBCORP----Dbcorp B Corp,4565.86
SIS,A,SIS----Sis https,4564.2
BANARISUG,A,BANARISUG----Banarisug Amm.Sug.,4563.57
SWARAJENG,A,SWARAJENG----Swarajeng Engines,4552.29
VSTTILLERS,A,VSTTILLERS----Vsttillers Till. Tract.,4543.48
CARERATING,A,CARERATING----Carerating Ratings,4534.42
HUBTOWN,A,HUBTOWN----Hubtown https,4529.17
ARSSBL,A,ARSSBL----Arssbl Rathi Shar,4514.26
GUJTHEM,A,GUJTHEM----Gujthem Themis Bio.,4497
SUNFLAG,A,SUNFLAG----Sunflag Iron,4456.81
REFEX,A,REFEX----Refex Industries,4447.15
KITEX,A,KITEX----Kitex Garments,4426.3
SPARC,A,SPARC----Sparc https,4407.76
ARTEMISMED,A,ARTEMISMED----Artemismed Medicare,4405.08
GOLDIAM,A,GOLDIAM----Goldiam Intl.,4402.65
ORCHPHARMA,A,ORCHPHARMA----Orchpharma Pharma,4398.35
SGMART,A,SGMART----Sgmart Mart,4397.42
MIDWESTLTD,A,MIDWESTLTD----Midwestltd https,4379.75
HCC,A,HCC----Hcc Construct.,4370.41
INNOVACAP,A,INNOVACAP----Innovacap Captab,4354.27
BHARATRAS,A,BHARATRAS----Bharatras Rasayan,4354.26
NFL,A,NFL----Nfl Fertilizer,4346.53
HERITGFOOD,A,HERITGFOOD----Heritgfood Foods,4287.79
VSTIND,A,VSTIND----Vstind Industries,4282.21
RAMKY,A,RAMKY----Ramky Infra,4242.03
PARAGMILK,A,PARAGMILK----Paragmilk Milk Foods,4234.23
ROUTE,A,ROUTE----Route Mobile,4219.9
JAMNAAUTO,A,JAMNAAUTO----Jamnaauto Auto Inds.,4217.01
CEIGALL,A,CEIGALL----Ceigall India,4203.71
UEL,A,UEL----Uel Energy,4195.81
NORTHARC,A,NORTHARC----Northarc ARC,4165.07
GOPAL,A,GOPAL----Gopal Snacks,4152.37
SANATHAN,A,SANATHAN----Sanathan Textile,4144.74
INTERARCH,A,INTERARCH----Interarch Build.,4140.07
JTEKTINDIA,A,JTEKTINDIA----Jtektindia India,4131.76
HEIDELBERG,A,HEIDELBERG----Heidelberg Cem.,4110.34
AVANTEL,A,AVANTEL----Avantel https,4104.39
POCL,A,POCL----Pocl Oxides,4092.23
MOSCHIP,A,MOSCHIP----Moschip Tech.,4065
AARTIDRUGS,A,AARTIDRUGS----Aartidrugs Drugs,4062.63
SAMHI,A,SAMHI----Samhi Hotels,4044.78
GUJALKALI,A,GUJALKALI----Gujalkali Alkalies,4009.07
SUVEN,A,SUVEN----Suven Life Scie.,4004.7
VAIBHAVGBL,A,VAIBHAVGBL----Vaibhavgbl Global,4004.7
SMLMAH,A,SMLMAH----Smlmah Mahindra,4000.27
TARC,A,TARC----Tarc Ltd,3988.89
HEMIPROP,A,HEMIPROP----Hemiprop Prop,3943.66
BOROLTD,A,BOROLTD----Boroltd https,3937.2
AJMERA,A,AJMERA----Ajmera Realty,3905.07
AWFIS,A,AWFIS----Awfis Space,3898.35
ORIENTELEC,A,ORIENTELEC----Orientelec Electric,3883.07
TRUALT,A,TRUALT----Trualt Bioenergy,3848.14
BALAMINES,A,BALAMINES----Balamines Amines,3823.44
VADILALIND,A,VADILALIND----Vadilalind Inds.,3809.48
GOODLUCK,A,GOODLUCK----Goodluck India,3803.79
MARATHON,A,MARATHON----Marathon Nextgen,3797.05
BAJAJCON,A,BAJAJCON----Bajajcon Consumer,3794.78
KIRLOSIND,A,KIRLOSIND----Kirlosind Indus.,3789.87
RAIN,A,RAIN----Rain Industries,3773.56
SENORES,A,SENORES----Senores Pharma.,3761.12
DCAL,A,DCAL----Dcal Carbogen,3738.25
EIEL,A,EIEL----Eiel Infra,3736.13
RPGLIFE,A,RPGLIFE----Rpglife LifeScience.,3725.47
EBGNG,A,EBGNG----Ebgng Electronics,3702.21
NACLIND,A,NACLIND----Naclind Industries,3688.81
DPABHUSHAN,A,DPABHUSHAN----Dpabhushan P. Abhushan,3682.13
GRAUWEIL,A,GRAUWEIL----Grauweil & Weil,3679.44
UFLEX,A,UFLEX----Uflex https,3665.8
MANGCHEFER,A,MANGCHEFER----Mangchefer Chem.,3659.31
CENTUM,A,CENTUM----Centum Electron,3657.2
HARSHA,A,HARSHA----Harsha Engg Intl,3646.77
ORIENTCEM,A,ORIENTCEM----Orientcem Cement,3639.31
SHANTIGEAR,A,SHANTIGEAR----Shantigear Gears,3633.26
SHAREINDIA,A,SHAREINDIA----Shareindia India Sec.,3627.79
WONDERLA,A,WONDERLA----Wonderla Holiday,3611.11
TVSSRICHAK,A,TVSSRICHAK----Tvssrichak Srichakra,3603.96
EUROPRATIK,A,EUROPRATIK----Europratik Pratik Sale,3603.96
GREENPLY,A,GREENPLY----Greenply Industr,3603.63
RBA,A,RBA----Rba Brand,3600.33
MCLOUD,A,MCLOUD----Mcloud Cloud,3594.67
STYRENIX,A,STYRENIX----Styrenix Perfor.,3577.26
SEITINVIT,A,SEITINVIT----Seitinvit Ener,3564
ADVENZYMES,A,ADVENZYMES----Advenzymes Enzyme,3556.33
MPSLTD,A,MPSLTD----Mpsltd https,3544.18
GUFICBIO,A,GUFICBIO----Guficbio BioScience,3538.59
GKENERGY,A,GKENERGY----Gkenergy Energy,3534.6
LUXIND,A,LUXIND----Luxind Industries,3518.68
PSPPROJECT,A,PSPPROJECT----Pspproject Projects,3512.78
MBAPL,A,MBAPL----Mbapl B Agro Prod.,3503.76
NSIL,A,NSIL----Nsil Sons Invst,3498.15
JUBLCPL,A,JUBLCPL----Jublcpl Agri,3491.97
SINDHUTRAD,A,SINDHUTRAD----Sindhutrad Trade,3490.89
CYIENTDLM,A,CYIENTDLM----Cyientdlm DLM,3473.86
KOLTEPATIL,A,KOLTEPATIL----Koltepatil Patil Dev.,3470.67
NAVNETEDUL,A,NAVNETEDUL----Navnetedul Educat.,3465.35
SIYSIL,A,SIYSIL----Siysil Silk,3460.28
MSTCLTD,A,MSTCLTD----Mstcltd https,3458.67
MEDIASSIST,A,MEDIASSIST----Mediassist Assist Ser.,3447.78
KSL,A,KSL----Ksl Steels,3440.86
TATVA,A,TATVA----Tatva Chintan,3418.87
ROSSARI,A,ROSSARI----Rossari Biotech,3406.48
RAYMONDREL,A,RAYMONDREL----Raymondrel Realty,3402.29
AGIIL,A,AGIIL----Agiil Infra,3395.24
63MOONS,A,63MOONS----63Moons Tech.,3392.07
MANINDS,A,MANINDS----Maninds Industries,3375.89
STYLAMIND,A,STYLAMIND----Stylamind Industrie,3356.33
KMEW,A,KMEW----Kmew Marine,3351.19
PROTEAN,A,PROTEAN----Protean eGov,3349.59
FOSECOIND,A,FOSECOIND----Fosecoind India,3334.48
JINDWORLD,A,JINDWORLD----Jindworld Worldwide,3333.8
JISLJALEQS,A,JISLJALEQS----Jisljaleqs Irrigation,3328.93
UNIVCABLES,A,UNIVCABLES----Univcables Cables,3319.79
DHANI,A,DHANI----Dhani Services,3316.86
MARINE,A,MARINE----Marine Electric.,3312.73
RAYMOND,A,RAYMOND----Raymond https,3303.68
BBL,A,BBL----Bbl Bijlee,3299.01
NEOGEN,A,NEOGEN----Neogen Chemicals,3274.15
UNICHEMLAB,A,UNICHEMLAB----Unichemlab Labs.,3274.13
PITTIENG,A,PITTIENG----Pittieng Engg.,3270.81
HLEGLAS,A,HLEGLAS----Hleglas Glascoat,3268.67
VISHNU,A,VISHNU----Vishnu Chemicals,3267.32
PRINCEPIPE,A,PRINCEPIPE----Princepipe Pipes,3257.1
BALMLAWRIE,A,BALMLAWRIE----Balmlawrie Lawrie,3250.13
BHAGCHEM,A,BHAGCHEM----Bhagchem Chem.,3249.53
GREENPANEL,A,GREENPANEL----Greenpanel Inds.,3238.52
SGLTL,A,SGLTL----Sgltl Glass,3237.5
KIRIINDUS,A,KIRIINDUS----Kiriindus Industries,3209.76
SABTNL,A,SABTNL----Sabtnl Adhik. Bros.,3192.14
MAHLOG,A,MAHLOG----Mahlog Logis.,3187.12
FLAIR,A,FLAIR----Flair Writing,3167.66
KDDL,A,KDDL----Kddl Ltd,3162.97
GLOBUSSPR,A,GLOBUSSPR----Globusspr Spirits,3158.02
PAISALO,A,PAISALO----Paisalo Digital,3148.77
KKCL,A,KKCL----Kkcl Kir.Cloth.,3137.3
SANDHAR,A,SANDHAR----Sandhar Tech,3131.76
QUESS,A,QUESS----Quess Corp,3127.22
SAMBHV,A,SAMBHV----Sambhv Steel,3121.46
EPACKPEB,A,EPACKPEB----Epackpeb PrefabTech,3112.36
INDOSTAR,A,INDOSTAR----Indostar Capital,3111.48
SSWL,A,SSWL----Sswl Str. Wheel,3111.08
NPST,A,NPST----Npst People,3104.7
KRISHANA,A,KRISHANA----Krishana Phosch.,3102.11
ARKADE,A,ARKADE----Arkade https,3097.42
DEEPINDS,A,DEEPINDS----Deepinds Industries,3071.67
DDEVPLSTIK,A,DDEVPLSTIK----Ddevplstik Plastiks,3070.9
BGRENERGY,A,BGRENERGY----Bgrenergy Energy Sys.,3039.07
ASHIANA,A,ASHIANA----Ashiana Housing,3033.48
ALPEXSOLAR,A,ALPEXSOLAR----Alpexsolar Solar,3027.23
BOMDYEING,A,BOMDYEING----Bomdyeing Dyeing,3008.88
PENIND,A,PENIND----Penind Industrie,2995.15
PREMEXPLN,A,PREMEXPLN----Premexpln Explosives,2990.37
TFCILTD,A,TFCILTD----Tfciltd Fin. Corp.,2989.47
GATEWAY,A,GATEWAY----Gateway Distri,2987.86
GRMOVER,A,GRMOVER----Grmover Overseas,2986.31
BRIGHOTEL,A,BRIGHOTEL----Brighotel Hotel,2984.8
SANGHVIMOV,A,SANGHVIMOV----Sanghvimov Movers,2970.41
ORISSAMINE,A,ORISSAMINE----Orissamine Minerals,2965.1
PARKHOTELS,A,PARKHOTELS----Parkhotels Surrend.,2963.11
SIRCA,A,SIRCA----Sirca Paints,2962.6
CARRARO,A,CARRARO----Carraro India,2944.65
JASH,A,JASH----Jash Engineering,2934.5
TIRUMALCHM,A,TIRUMALCHM----Tirumalchm Chem.,2921.28
RELTD,A,RELTD----Reltd Energy,2909.21
POKARNA,A,POKARNA----Pokarna https,2908.32
CAMLINFINE,A,CAMLINFINE----Camlinfine Fine,2903.51
MUTHOOTMF,A,MUTHOOTMF----Muthootmf Microfin,2898.03
VEEDOL,A,VEEDOL----Veedol Corporat,2893.94
PATELENG,A,PATELENG----Pateleng Engineerin,2890.3
GOCOLORS,A,GOCOLORS----Gocolors Fashion (I),2888.43
SAGCEM,A,SAGCEM----Sagcem Cements,2887.09
UTKARSHBNK,A,UTKARSHBNK----Utkarshbnk Small F.,2882.9
HINDWAREAP,A,HINDWAREAP----Hindwareap Home In,2861.77
RAMCOIND,A,RAMCOIND----Ramcoind Inds.,2849.77
SUNDROP,A,SUNDROP----Sundrop Brands,2840.1
RAMRAT,A,RAMRAT----Ramrat Ratna Wires,2839.51
NOCIL,A,NOCIL----Nocil https,2835.57
FMGOETZE,A,FMGOETZE----Fmgoetze Mogul Go,2834.72
CARYSIL,A,CARYSIL----Carysil https,2822.6
NRBBEARING,A,NRBBEARING----Nrbbearing Bearings,2816.6
FCL,A,FCL----Fcl Chem,2816.35
SAKSOFT,A,SAKSOFT----Saksoft https,2809.99
TCPLPACK,A,TCPLPACK----Tcplpack Packaging,2807.11
ROLEXRINGS,A,ROLEXRINGS----Rolexrings Rings,2792.29
WSTCSTPAPR,A,WSTCSTPAPR----Wstcstpapr Coast Paper,2788.63
MAITHANALL,A,MAITHANALL----Maithanall Alloys,2781.4
YATRA,A,YATRA----Yatra Online,2780.44
IMAGICAA,A,IMAGICAA----Imagicaa Enter.,2780.07
HPL,A,HPL----Hpl Electric,2777.96
TEAMLEASE,A,TEAMLEASE----Teamlease Lease Serv.,2774.5
HIKAL,A,HIKAL----Hikal https,2771.83
VIKRAN,A,VIKRAN----Vikran Engg.,2769.44
PRABHA,A,PRABHA----Prabha Energy,2755.3
ROADSTAR,A,ROADSTAR----Roadstar Infra,2732.86
VIMTALABS,A,VIMTALABS----Vimtalabs Labs,2723.73
POLYPLEX,A,POLYPLEX----Polyplex Corpn,2722.99
VSSL,A,VSSL----Vssl Special,2711.89
ARVSMART,A,ARVSMART----Arvsmart SmartSp.,2703.63
EFCIL,A,EFCIL----Efcil I),2688.52
EASEMYTRIP,A,EASEMYTRIP----Easemytrip Trip Plann.,2684.06
SUNCLAY,A,SUNCLAY----Sunclay Clayton,2683.66
RPSGVENT,A,RPSGVENT----Rpsgvent Ventures,2682.15
IOLCP,A,IOLCP----Iolcp Chemicals,2656.36
VENUSPIPES,A,VENUSPIPES----Venuspipes Pipes,2654.52
KRSNAA,A,KRSNAA----Krsnaa Diagnost.,2653.97
KPEL,A,KPEL----Kpel P. Energy,2653.6
FISCHER,A,FISCHER----Fischer Medical,2647.11
BAJAJHIND,A,BAJAJHIND----Bajajhind Hindusthan,2646.7
ROSSTECH,A,ROSSTECH----Rosstech Techsys,2644.54
SMSPHARMA,A,SMSPHARMA----Smspharma Pharma.,2641.91
GIPCL,A,GIPCL----Gipcl Inds. Power,2629
BCG,A,BCG----Bcg Group,2621.27
REPCOHOME,A,REPCOHOME----Repcohome Home Fin,2579.37
SOLARWORLD,A,SOLARWORLD----Solarworld Ene.,2564.1
DALMIASUG,A,DALMIASUG----Dalmiasug Bharat,2545.97
KALAMANDIR,A,KALAMANDIR----Kalamandir Silks,2544.59
JAICORPLTD,A,JAICORPLTD----Jaicorpltd Corp,2543.07
SBCL,A,SBCL----Sbcl Bimetal,2542.16
ALEMBICLTD,A,ALEMBICLTD----Alembicltd https,2529.31
EMSLIMITED,A,EMSLIMITED----Emslimited https,2524.95
SOTL,A,SOTL----Sotl Oil Tech,2513.61
TAJGVK,A,TAJGVK----Tajgvk Hotels,2512.45
HIRECT,A,HIRECT----Hirect Rectifiers,2499.75
JTLIND,A,JTLIND----Jtlind Industries,2498.2
EPACK,A,EPACK----Epack Durable,2492.36
UGROCAP,A,UGROCAP----Ugrocap Capital,2490.29
HONDAPOWER,A,HONDAPOWER----Hondapower India,2488.4
NUCLEUS,A,NUCLEUS----Nucleus Soft.,2474.91
LAOPALA,A,LAOPALA----Laopala Opala RG,2469.41
DIAMONDYD,A,DIAMONDYD----Diamondyd Snacks,2456.51
MTNL,A,MTNL----Mtnl T N L,2455.79
SHK,A,SHK----Shk H Kelkar & Co.,2453.95
WINDMACHIN,A,WINDMACHIN----Windmachin Machines,2453.78
BFUTILITIE,A,BFUTILITIE----Bfutilitie Utilities,2435.8
AUTOAXLES,A,AUTOAXLES----Autoaxles Axles,2435.69
MONARCH,A,MONARCH----Monarch Networth,2431.29
CAPACITE,A,CAPACITE----Capacite Infra.,2414.98
DREDGECORP,A,DREDGECORP----Dredgecorp Corpn.,2413.19
FILATEX,A,FILATEX----Filatex India,2405.66
MOREPENLAB,A,MOREPENLAB----Morepenlab Labs.,2402.44
XPROINDIA,A,XPROINDIA----Xproindia India,2398.54
SOLARA,A,SOLARA----Solara Active,2395.12
EVEREADY,A,EVEREADY----Eveready Inds.,2392.95
PRAKASH,A,PRAKASH----Prakash Industri,2385.84
INDOCO,A,INDOCO----Indoco Remedies,2377.8
GVPIL,A,GVPIL----Gvpil Power,2361.8
TCIEXP,A,TCIEXP----Tciexp Express,2353.51
GMBREW,A,GMBREW----Gmbrew M Breweries,2351.17
SHALBY,A,SHALBY----Shalby https,2347.87
JINDALPOLY,A,JINDALPOLY----Jindalpoly Poly Film,2330.12
HGS,A,HGS----Hgs Global,2329.46
WAAREEINDO,A,WAAREEINDO----Waareeindo https,2316.91
AEROFLEX,A,AEROFLEX----Aeroflex https,2315.8
FINOPB,A,FINOPB----Finopb Payments,2313.89
HATHWAY,A,HATHWAY----Hathway Cable,2308.24
ADFFOODS,A,ADFFOODS----Adffoods Foods,2304.79
KICL,A,KICL----Kicl Invest.,2301.73
KCP,A,KCP----Kcp C P,2300.75
BEPL,A,BEPL----Bepl Engg.,2296.98
SUMMITSEC,A,SUMMITSEC----Summitsec Securitie,2296.1
SIMPLEXINF,A,SIMPLEXINF----Simplexinf Infra,2285.09
WEL,A,WEL----Wel Electric.,2281.4
SEAMECLTD,A,SEAMECLTD----Seamecltd Ltd,2269.81
RAMCOSYS,A,RAMCOSYS----Ramcosys Systems,2267.13
SDBL,A,SDBL----Sdbl Distilleries,2265.19
SANGAMIND,A,SANGAMIND----Sangamind India,2258.59
PFS,A,PFS----Pfs India Fin,2257.62
ANZEN,A,ANZEN----Anzen IYEP Trust,2256.23
LANDMARK,A,LANDMARK----Landmark Cars,2255.99
ANANTAM,A,ANANTAM----Anantam Highways,2252.89
SCILAL,A,SCILAL----Scilal Land,2249.34
GANECOS,A,GANECOS----Ganecos Ecosphe.,2246.3
MBEL,A,MBEL----Mbel & B Engineer.,2244.23
RAJRATAN,A,RAJRATAN----Rajratan Global,2219.25
SYSTMTXC,A,SYSTMTXC----Systmtxc Corp.,2216.17
STEELCAS,A,STEELCAS----Steelcas https,2210.47
MAYURUNIQ,A,MAYURUNIQ----Mayuruniq Uniquoters,2199.7
SGFIN,A,SGFIN----Sgfin Finserve,2195.55
NILKAMAL,A,NILKAMAL----Nilkamal Ltd,2193.6
EIHAHOTELS,A,EIHAHOTELS----Eihahotels Assoc.Hotels,2192.24
KERNEX,A,KERNEX----Kernex Microsys.,2178.52
STYLEBAAZA,A,STYLEBAAZA----Stylebaaza Style,2176.59
SHRINGARMS,A,SHRINGARMS----Shringarms House,2170.23
STUDDS,A,STUDDS----Studds Accessor.,2168.55
SERVOTECH,A,SERVOTECH----Servotech Renew,2168.11
UNIPARTS,A,UNIPARTS----Uniparts India,2165.45
RPTECH,A,RPTECH----Rptech Peripheral,2164.47
RML,A,RML----Rml Madras),2161.66
DIGITIDE,A,DIGITIDE----Digitide Solutio,2153.79
TVSINVIT,A,TVSINVIT----Tvsinvit Infra. Trust,2149.48
SPANDANA,A,SPANDANA----Spandana Sphoort,2147.09
TASTYBITE,A,TASTYBITE----Tastybite Bite Eat.,2133.02
PANACEABIO,A,PANACEABIO----Panaceabio Biotec,2110.22
INSECTICID,A,INSECTICID----Insecticid India,2107.68
APCOTEXIND,A,APCOTEXIND----Apcotexind Industri,2104.75
DCXINDIA,A,DCXINDIA----Dcxindia Systems,2095.01
WHEELS,A,WHEELS----Wheels India,2093.92
MOLDTKPAC,A,MOLDTKPAC----Moldtkpac Tek Pack.,2091.43
BAJEL,A,BAJEL----Bajel Projects,2089.35
CANTABIL,A,CANTABIL----Cantabil Retail,2083.84
DOLLAR,A,DOLLAR----Dollar Industrie,2082.58
IDEAFORGE,A,IDEAFORGE----Ideaforge Tech,2074.69
HITECH,A,HITECH----Hitech Tech Pipes,2069.72
SOLEX,A,SOLEX----Solex Energy,2067.82
VINCOFE,A,VINCOFE----Vincofe Coffee,2066.96
SASKEN,A,SASKEN----Sasken Technol.,2058.21
ORIENTHOT,A,ORIENTHOT----Orienthot Hotels,2057.92
GOODYEAR,A,GOODYEAR----Goodyear India,2054.39
NOVARTIND,A,NOVARTIND----Novartind India,2052.06
STOVEKRAFT,A,STOVEKRAFT----Stovekraft Kraft,2046.02
RANEHOLDIN,A,RANEHOLDIN----Raneholdin Holdings,2042.44
SULA,A,SULA----Sula Vineyards,2035.61
AIMTRON,A,AIMTRON----Aimtron https,2028.32
GEOJITFSL,A,GEOJITFSL----Geojitfsl Fin. Ser.,2027.25
IPL,A,IPL----Ipl Pesticides,2019.05
VERANDA,A,VERANDA----Veranda Learning,2014.79
AMRUTANJAN,A,AMRUTANJAN----Amrutanjan Healt,2014.19
NDRAUTO,A,NDRAUTO----Ndrauto Auto Compon.,2009.4
YASHO,A,YASHO----Yasho Industries,1989.22
SPAL,A,SPAL----Spal P Apparels,1984.5
PIXTRANS,A,PIXTRANS----Pixtrans Transmission,1983.3
INDIANHUME,A,INDIANHUME----Indianhume Hume Pipe,1979.03
RMDRIP,A,RMDRIP----Rmdrip M Drip & Sprin,1975.42
ACCELYA,A,ACCELYA----Accelya Solution,1970.12
NITCO,A,NITCO----Nitco https,1966.38
GARUDA,A,GARUDA----Garuda Cons,1959.54
MOBIKWIK,A,MOBIKWIK----Mobikwik Mobikwik,1958.14
DCW,A,DCW----Dcw https,1956.62
MANGLMCEM,A,MANGLMCEM----Manglmcem Cement,1948.31
CAPINVIT,A,CAPINVIT----Capinvit Infra,1947.58
MUFIN,A,MUFIN----Mufin Green,1945.65
BLSE,A,BLSE----Blse E-Services,1944.26
GENESYS,A,GENESYS----Genesys Intl.,1942.15
NELCO,A,NELCO----Nelco https,1932.97
MSPL,A,MSPL----Mspl Steel & Pow.,1920.35
COSMOFIRST,A,COSMOFIRST----Cosmofirst First,1917.29
HINDOILEXP,A,HINDOILEXP----Hindoilexp Oil Explor.,1907.24
INDNIPPON,A,INDNIPPON----Indnippon Nipp.Elec.,1899.66
TIL,A,TIL----Til https,1895.83
MUKANDLTD,A,MUKANDLTD----Mukandltd https,1886.8
DIVGIITTS,A,DIVGIITTS----Divgiitts Torq,1885.64
ADOR,A,ADOR----Ador Welding,1880.69
NITINSPIN,A,NITINSPIN----Nitinspin Spinners,1880.56
VENKEYS,A,VENKEYS----Venkeys India),1870.47
DELTACORP,A,DELTACORP----Deltacorp Corp,1845.57
ASTEC,A,ASTEC----Astec Lifescienc,1842.14
RHETAN,A,RHETAN----Rhetan TMT Ltd,1840.81
VIDHIING,A,VIDHIING----Vidhiing Specialty,1837.97
THEJO,A,THEJO----Thejo Engg.,1837.28
PANAMAPET,A,PANAMAPET----Panamapet Petrochem,1830.88
ASALCBR,A,ASALCBR----Asalcbr Alcohols,1815.55
VMARCIND,A,VMARCIND----Vmarcind Marc India,1813.84
INDOTECH,A,INDOTECH----Indotech Tech.Trans.,1811.47
VINDHYATEL,A,VINDHYATEL----Vindhyatel Telelink,1808.17
SALASAR,A,SALASAR----Salasar Techno,1805.65
SPECTRUM,A,SPECTRUM----Spectrum Electr.,1800.43
ALLTIME,A,ALLTIME----Alltime Time Plastic,1797.32
SOMANYCERA,A,SOMANYCERA----Somanycera Ceramics,1796.74
HMT,A,HMT----Hmt https,1789.27
ARMANFIN,A,ARMANFIN----Armanfin Financial,1783.57
SPIC,A,SPIC----Spic P I C,1776.15
MOL,A,MOL----Mol Organi.,1773.34
COOLCAPS,A,COOLCAPS----Coolcaps Caps,1762.9
DYCL,A,DYCL----Dycl Cables,1739.73
SANSTAR,A,SANSTAR----Sanstar https,1738.71
TAC,A,TAC----Tac Infosec,1734.9
TALBROAUTO,A,TALBROAUTO----Talbroauto Auto.,1724.41
SUMEETINDS,A,SUMEETINDS----Sumeetinds Industrie,1717.84
GTLINFRA,A,GTLINFRA----Gtlinfra Infra.,1716.53
MONTECARLO,A,MONTECARLO----Montecarlo Carlo Fas.,1710.37
ANTELOPUS,A,ANTELOPUS----Antelopus Selan,1706.78
PRECAM,A,PRECAM----Precam Camshf,1700.37
JINDRILL,A,JINDRILL----Jindrill Drilling,1697.15
